[2026-08-13T14:40:10] (Dispatcher)
System.InvalidOperationException: A TwoWay or OneWayToSource binding cannot work on the read-only property 'OriginalDisplay' of type 'Lycoris.TransRow'.
   at MS.Internal.Data.PropertyPathWorker.CheckReadOnly(Object item, Object info)
   at MS.Internal.Data.PropertyPathWorker.ReplaceItem(Int32 k, Object newO, Object parent)
   at MS.Internal.Data.PropertyPathWorker.UpdateSourceValueState(Int32 k, ICollectionView collectionView, Object newValue, Boolean isASubPropertyChange)
   at MS.Internal.Data.ClrBindingWorker.AttachDataItem()
   at System.Windows.Data.BindingExpression.Activate(Object item)
   at System.Windows.Data.BindingExpression.AttachToContext(AttachAttempt attempt)
   at System.Windows.Data.BindingExpression.MS.Internal.Data.IDataBindEngineClient.AttachToContext(Boolean lastChance)
   at MS.Internal.Data.DataBindEngine.Task.Run(Boolean lastChance)
   at MS.Internal.Data.DataBindEngine.Run(Object arg)
   at MS.Internal.Data.DataBindEngine.OnLayoutUpdated(Object sender, EventArgs e)
   at System.Windows.ContextLayoutManager.fireLayoutUpdateEvent()
   at System.Windows.ContextLayoutManager.UpdateLayout()
   at System.Windows.ContextLayoutManager.UpdateLayoutCallback(Object arg)
   at System.Windows.Media.MediaContext.InvokeOnRenderCallback.DoWork()
   at System.Windows.Media.MediaContext.FireInvokeOnRenderCallbacks()
   at System.Windows.Media.MediaContext.RenderMessageHandlerCore(Object resizedCompositionTarget)
   at System.Windows.Media.MediaContext.RenderMessageHandler(Object resizedCompositionTarget)
   at System.Windows.Threading.ExceptionWrapper.InternalRealCall(Delegate callback, Object args, Int32 numArgs)
   at System.Windows.Threading.ExceptionWrapper.TryCatchWhen(Object source, Delegate callback, Object args, Int32 numArgs, Delegate catchHandler)

[2026-08-13T14:40:10] (Dispatcher)
System.InvalidOperationException: A TwoWay or OneWayToSource binding cannot work on the read-only property 'OriginalDisplay' of type 'Lycoris.TransRow'.
   at MS.Internal.Data.PropertyPathWorker.CheckReadOnly(Object item, Object info)
   at MS.Internal.Data.PropertyPathWorker.ReplaceItem(Int32 k, Object newO, Object parent)
   at MS.Internal.Data.PropertyPathWorker.UpdateSourceValueState(Int32 k, ICollectionView collectionView, Object newValue, Boolean isASubPropertyChange)
   at MS.Internal.Data.ClrBindingWorker.AttachDataItem()
   at System.Windows.Data.BindingExpression.Activate(Object item)
   at System.Windows.Data.BindingExpression.AttachToContext(AttachAttempt attempt)
   at System.Windows.Data.BindingExpression.MS.Internal.Data.IDataBindEngineClient.AttachToContext(Boolean lastChance)
   at MS.Internal.Data.DataBindEngine.Task.Run(Boolean lastChance)
   at MS.Internal.Data.DataBindEngine.Run(Object arg)
   at System.Windows.Threading.ExceptionWrapper.InternalRealCall(Delegate callback, Object args, Int32 numArgs)
   at System.Windows.Threading.ExceptionWrapper.TryCatchWhen(Object source, Delegate callback, Object args, Int32 numArgs, Delegate catchHandler)

[2026-08-13T14:40:10] (Dispatcher)
System.InvalidOperationException: A TwoWay or OneWayToSource binding cannot work on the read-only property 'OriginalDisplay' of type 'Lycoris.TransRow'.
   at MS.Internal.Data.PropertyPathWorker.CheckReadOnly(Object item, Object info)
   at MS.Internal.Data.PropertyPathWorker.ReplaceItem(Int32 k, Object newO, Object parent)
   at MS.Internal.Data.PropertyPathWorker.UpdateSourceValueState(Int32 k, ICollectionView collectionView, Object newValue, Boolean isASubPropertyChange)
   at MS.Internal.Data.ClrBindingWorker.AttachDataItem()
   at System.Windows.Data.BindingExpression.Activate(Object item)
   at System.Windows.Data.BindingExpression.AttachToContext(AttachAttempt attempt)
   at System.Windows.Data.BindingExpression.MS.Internal.Data.IDataBindEngineClient.AttachToContext(Boolean lastChance)
   at MS.Internal.Data.DataBindEngine.Task.Run(Boolean lastChance)
   at MS.Internal.Data.DataBindEngine.Run(Object arg)
   at System.Windows.Threading.ExceptionWrapper.InternalRealCall(Delegate callback, Object args, Int32 numArgs)
   at System.Windows.Threading.ExceptionWrapper.TryCatchWhen(Object source, Delegate callback, Object args, Int32 numArgs, Delegate catchHandler)

[2026-08-13T14:40:10] (Dispatcher)
System.InvalidOperationException: A TwoWay or OneWayToSource binding cannot work on the read-only property 'OriginalDisplay' of type 'Lycoris.TransRow'.
   at MS.Internal.Data.PropertyPathWorker.CheckReadOnly(Object item, Object info)
   at MS.Internal.Data.PropertyPathWorker.ReplaceItem(Int32 k, Object newO, Object parent)
   at MS.Internal.Data.PropertyPathWorker.UpdateSourceValueState(Int32 k, ICollectionView collectionView, Object newValue, Boolean isASubPropertyChange)
   at MS.Internal.Data.ClrBindingWorker.AttachDataItem()
   at System.Windows.Data.BindingExpression.Activate(Object item)
   at System.Windows.Data.BindingExpression.AttachToContext(AttachAttempt attempt)
   at System.Windows.Data.BindingExpression.MS.Internal.Data.IDataBindEngineClient.AttachToContext(Boolean lastChance)
   at MS.Internal.Data.DataBindEngine.Task.Run(Boolean lastChance)
   at MS.Internal.Data.DataBindEngine.Run(Object arg)
   at MS.Internal.Data.DataBindEngine.OnLayoutUpdated(Object sender, EventArgs e)
   at System.Windows.ContextLayoutManager.fireLayoutUpdateEvent()
   at System.Windows.ContextLayoutManager.UpdateLayout()
   at System.Windows.UIElement.UpdateLayout()
   at System.Windows.Controls.VirtualizingStackPanel.<>c__DisplayClass98_0.<InitializeViewport>b__0()
   at System.Windows.Threading.ExceptionWrapper.InternalRealCall(Delegate callback, Object args, Int32 numArgs)
   at System.Windows.Threading.ExceptionWrapper.TryCatchWhen(Object source, Delegate callback, Object args, Int32 numArgs, Delegate catchHandler)

[2026-08-13T14:40:30] (Dispatcher)
System.InvalidOperationException: A TwoWay or OneWayToSource binding cannot work on the read-only property 'OriginalDisplay' of type 'Lycoris.TransRow'.
   at MS.Internal.Data.PropertyPathWorker.CheckReadOnly(Object item, Object info)
   at MS.Internal.Data.PropertyPathWorker.ReplaceItem(Int32 k, Object newO, Object parent)
   at MS.Internal.Data.PropertyPathWorker.UpdateSourceValueState(Int32 k, ICollectionView collectionView, Object newValue, Boolean isASubPropertyChange)
   at MS.Internal.Data.ClrBindingWorker.AttachDataItem()
   at System.Windows.Data.BindingExpression.Activate(Object item)
   at System.Windows.Data.BindingExpression.OnDataContextChanged(DependencyObject contextElement)
   at System.Windows.Data.BindingExpression.HandlePropertyInvalidation(DependencyObject d, DependencyPropertyChangedEventArgs args)
   at System.Windows.Data.BindingExpressionBase.OnPropertyInvalidation(DependencyObject d, DependencyPropertyChangedEventArgs args)
   at System.Windows.Data.BindingExpression.OnPropertyInvalidation(DependencyObject d, DependencyPropertyChangedEventArgs args)
   at System.Windows.DependentList.InvalidateDependents(DependencyObject source, DependencyPropertyChangedEventArgs sourceArgs)
   at System.Windows.DependencyObject.NotifyPropertyChange(DependencyPropertyChangedEventArgs args)
   at System.Windows.DependencyObject.UpdateEffectiveValue(EntryIndex entryIndex, DependencyProperty dp, PropertyMetadata metadata, EffectiveValueEntry oldEntry, EffectiveValueEntry& newEntry, Boolean coerceWithDeferredReference, Boolean coerceWithCurrentValue, OperationType operationType)
   at System.Windows.TreeWalkHelper.OnInheritablePropertyChanged(DependencyObject d, InheritablePropertyChangeInfo info, Boolean visitedViaVisualTree)
   at System.Windows.DescendentsWalker`1._VisitNode(DependencyObject d, Boolean visitedViaVisualTree)
   at System.Windows.DescendentsWalker`1.VisitNode(FrameworkElement fe, Boolean visitedViaVisualTree)
   at System.Windows.DescendentsWalker`1.VisitNode(DependencyObject d, Boolean visitedViaVisualTree)
   at System.Windows.DescendentsWalker`1.WalkLogicalChildren(FrameworkElement feParent, FrameworkContentElement fceParent, IEnumerator logicalChildren)
   at System.Windows.DescendentsWalker`1.WalkFrameworkElementLogicalThenVisualChildren(FrameworkElement feParent, Boolean hasLogicalChildren)
   at System.Windows.DescendentsWalker`1.IterateChildren(DependencyObject d)
   at System.Windows.DescendentsWalker`1.StartWalk(DependencyObject startNode, Boolean skipStartNode)
   at System.Windows.FrameworkElement.OnPropertyChanged(DependencyPropertyChangedEventArgs e)
   at System.Windows.DependencyObject.NotifyPropertyChange(DependencyPropertyChangedEventArgs args)
   at System.Windows.DependencyObject.UpdateEffectiveValue(EntryIndex entryIndex, DependencyProperty dp, PropertyMetadata metadata, EffectiveValueEntry oldEntry, EffectiveValueEntry& newEntry, Boolean coerceWithDeferredReference, Boolean coerceWithCurrentValue, OperationType operationType)
   at System.Windows.DependencyObject.SetValueCommon(DependencyProperty dp, Object value, PropertyMetadata metadata, Boolean coerceWithDeferredReference, Boolean coerceWithCurrentValue, OperationType operationType, Boolean isInternal)
   at System.Windows.Controls.ItemContainerGenerator.LinkContainerToItem(DependencyObject container, Object item)
   at System.Windows.Controls.ItemContainerGenerator.OnItemReplaced(Object oldItem, Object newItem, Int32 index, NotifyCollectionChangedEventArgs collectionChangedArgs)
   at System.Windows.Controls.ItemContainerGenerator.OnCollectionChanged(Object sender, NotifyCollectionChangedEventArgs args)
   at System.Windows.WeakEventManager.ListenerList`1.DeliverEvent(Object sender, EventArgs e, Type managerType)
   at System.Windows.WeakEventManager.DeliverEvent(Object sender, EventArgs args)
   at System.Collections.Specialized.CollectionChangedEventManager.OnCollectionChanged(Object sender, NotifyCollectionChangedEventArgs args)
   at System.Collections.Specialized.NotifyCollectionChangedEventHandler.Invoke(Object sender, NotifyCollectionChangedEventArgs e)
   at System.Windows.Data.CollectionView.OnCollectionChanged(NotifyCollectionChangedEventArgs args)
   at System.Windows.Controls.ItemCollection.OnViewCollectionChanged(Object sender, NotifyCollectionChangedEventArgs e)
   at System.Windows.WeakEventManager.ListenerList`1.DeliverEvent(Object sender, EventArgs e, Type managerType)
   at System.Windows.WeakEventManager.DeliverEvent(Object sender, EventArgs args)
   at System.Collections.Specialized.CollectionChangedEventManager.OnCollectionChanged(Object sender, NotifyCollectionChangedEventArgs args)
   at System.Windows.Data.CollectionView.OnCollectionChanged(NotifyCollectionChangedEventArgs args)
   at System.Windows.Data.ListCollectionView.ProcessCollectionChangedWithAdjustedIndex(NotifyCollectionChangedEventArgs args, Int32 adjustedOldIndex, Int32 adjustedNewIndex)
   at System.Windows.Data.ListCollectionView.ProcessCollectionChanged(NotifyCollectionChangedEventArgs args)
   at System.Windows.Data.CollectionView.OnCollectionChanged(Object sender, NotifyCollectionChangedEventArgs args)
   at System.Windows.Controls.MultipleCopiesCollection.OnCollectionChanged(NotifyCollectionChangedEventArgs e)
   at System.Windows.Controls.MultipleCopiesCollection.set_CopiedItem(Object value)
   at System.Windows.Controls.Primitives.DataGridCellsPresenter.OnItemChanged(Object oldItem, Object newItem)
   at System.Windows.Controls.DataGridRow.OnItemChanged(Object oldItem, Object newItem)
   at System.Windows.Controls.DataGridRow.NotifyPropertyChanged(DependencyObject d, String propertyName, DependencyPropertyChangedEventArgs e, DataGridNotificationTarget target)
   at System.Windows.Controls.DataGridRow.OnNotifyRowPropertyChanged(DependencyObject d, DependencyPropertyChangedEventArgs e)
   at System.Windows.DependencyObject.OnPropertyChanged(DependencyPropertyChangedEventArgs e)
   at System.Windows.FrameworkElement.OnPropertyChanged(DependencyPropertyChangedEventArgs e)
   at System.Windows.Controls.DataGridRow.OnPropertyChanged(DependencyPropertyChangedEventArgs e)
   at System.Windows.DependencyObject.NotifyPropertyChange(DependencyPropertyChangedEventArgs args)
   at System.Windows.DependencyObject.UpdateEffectiveValue(EntryIndex entryIndex, DependencyProperty dp, PropertyMetadata metadata, EffectiveValueEntry oldEntry, EffectiveValueEntry& newEntry, Boolean coerceWithDeferredReference, Boolean coerceWithCurrentValue, OperationType operationType)
   at System.Windows.DependencyObject.SetValueCommon(DependencyProperty dp, Object value, PropertyMetadata metadata, Boolean coerceWithDeferredReference, Boolean coerceWithCurrentValue, OperationType operationType, Boolean isInternal)
   at System.Windows.DependencyObject.SetValue(DependencyProperty dp, Object value)
   at System.Windows.Controls.DataGridRow.PrepareRow(Object item, DataGrid owningDataGrid)
   at System.Windows.Controls.DataGrid.PrepareContainerForItemOverride(DependencyObject element, Object item)
   at System.Windows.Controls.ItemsControl.MS.Internal.Controls.IGeneratorHost.PrepareItemContainer(DependencyObject container, Object item)
   at System.Windows.Controls.ItemContainerGenerator.System.Windows.Controls.Primitives.IItemContainerGenerator.PrepareItemContainer(DependencyObject container)
   at System.Windows.Controls.VirtualizingStackPanel.InsertContainer(Int32 childIndex, UIElement container, Boolean isRecycled)
   at System.Windows.Controls.VirtualizingStackPanel.AddContainerFromGenerator(Int32 childIndex, UIElement child, Boolean newlyRealized, Boolean isBeforeViewport)
   at System.Windows.Controls.VirtualizingStackPanel.MeasureChild(IItemContainerGenerator& generator, IContainItemStorage& itemStorageProvider, IContainItemStorage& parentItemStorageProvider, Object& parentItem, Boolean& hasUniformOrAverageContainerSizeBeenSet, Double& computedUniformOrAverageContainerSize, Double& computedUniformOrAverageContainerPixelSize, Boolean& computedAreContainersUniformlySized, Boolean& hasAnyContainerSpanChanged, IList& items, Object& item, IList& children, Int32& childIndex, Boolean& visualOrderChanged, Boolean& isHorizontal, Size& childConstraint, Rect& viewport, VirtualizationCacheLength& cacheSize, VirtualizationCacheLengthUnit& cacheUnit, Int64& scrollGeneration, Boolean& foundFirstItemInViewport, Double& firstItemInViewportOffset, Size& stackPixelSize, Size& stackPixelSizeInViewport, Size& stackPixelSizeInCacheBeforeViewport, Size& stackPixelSizeInCacheAfterViewport, Size& stackLogicalSize, Size& stackLogicalSizeInViewport, Size& stackLogicalSizeInCacheBeforeViewport, Size& stackLogicalSizeInCacheAfterViewport, Boolean& mustDisableVirtualization, Boolean isBeforeFirstItem, Boolean isAfterFirstItem, Boolean isAfterLastItem, Boolean skipActualMeasure, Boolean skipGeneration, Boolean isAncestorLookingForFirstItem, Boolean& hasBringIntoViewContainerBeenMeasured, Boolean& hasVirtualizingChildren)
   at System.Windows.Controls.VirtualizingStackPanel.MeasureOverrideImpl(Size constraint, Nullable`1& lastPageSafeOffset, List`1& previouslyMeasuredOffsets, Nullable`1& lastPagePixelSize, Boolean remeasure)
   at System.Windows.Controls.VirtualizingStackPanel.MeasureOverride(Size constraint)
   at System.Windows.Controls.Primitives.DataGridRowsPresenter.MeasureOverride(Size constraint)
   at System.Windows.FrameworkElement.MeasureCore(Size availableSize)
   at System.Windows.UIElement.Measure(Size availableSize)
   at System.Windows.ContextLayoutManager.UpdateLayout()
   at System.Windows.ContextLayoutManager.UpdateLayoutCallback(Object arg)
   at System.Windows.Media.MediaContext.InvokeOnRenderCallback.DoWork()
   at System.Windows.Media.MediaContext.FireInvokeOnRenderCallbacks()
   at System.Windows.Media.MediaContext.RenderMessageHandlerCore(Object resizedCompositionTarget)
   at System.Windows.Media.MediaContext.RenderMessageHandler(Object resizedCompositionTarget)
   at System.Windows.Threading.ExceptionWrapper.InternalRealCall(Delegate callback, Object args, Int32 numArgs)
   at System.Windows.Threading.ExceptionWrapper.TryCatchWhen(Object source, Delegate callback, Object args, Int32 numArgs, Delegate catchHandler)

[2026-08-13T14:40:30] (Dispatcher)
System.InvalidOperationException: A TwoWay or OneWayToSource binding cannot work on the read-only property 'OriginalDisplay' of type 'Lycoris.TransRow'.
   at MS.Internal.Data.PropertyPathWorker.CheckReadOnly(Object item, Object info)
   at MS.Internal.Data.PropertyPathWorker.ReplaceItem(Int32 k, Object newO, Object parent)
   at MS.Internal.Data.PropertyPathWorker.UpdateSourceValueState(Int32 k, ICollectionView collectionView, Object newValue, Boolean isASubPropertyChange)
   at MS.Internal.Data.ClrBindingWorker.AttachDataItem()
   at System.Windows.Data.BindingExpression.Activate(Object item)
   at System.Windows.Data.BindingExpression.OnDataContextChanged(DependencyObject contextElement)
   at System.Windows.Data.BindingExpression.HandlePropertyInvalidation(DependencyObject d, DependencyPropertyChangedEventArgs args)
   at System.Windows.Data.BindingExpressionBase.OnPropertyInvalidation(DependencyObject d, DependencyPropertyChangedEventArgs args)
   at System.Windows.Data.BindingExpression.OnPropertyInvalidation(DependencyObject d, DependencyPropertyChangedEventArgs args)
   at System.Windows.DependentList.InvalidateDependents(DependencyObject source, DependencyPropertyChangedEventArgs sourceArgs)
   at System.Windows.DependencyObject.NotifyPropertyChange(DependencyPropertyChangedEventArgs args)
   at System.Windows.DependencyObject.UpdateEffectiveValue(EntryIndex entryIndex, DependencyProperty dp, PropertyMetadata metadata, EffectiveValueEntry oldEntry, EffectiveValueEntry& newEntry, Boolean coerceWithDeferredReference, Boolean coerceWithCurrentValue, OperationType operationType)
   at System.Windows.TreeWalkHelper.OnInheritablePropertyChanged(DependencyObject d, InheritablePropertyChangeInfo info, Boolean visitedViaVisualTree)
   at System.Windows.DescendentsWalker`1._VisitNode(DependencyObject d, Boolean visitedViaVisualTree)
   at System.Windows.DescendentsWalker`1.VisitNode(FrameworkElement fe, Boolean visitedViaVisualTree)
   at System.Windows.DescendentsWalker`1.VisitNode(DependencyObject d, Boolean visitedViaVisualTree)
   at System.Windows.DescendentsWalker`1.WalkLogicalChildren(FrameworkElement feParent, FrameworkContentElement fceParent, IEnumerator logicalChildren)
   at System.Windows.DescendentsWalker`1.WalkFrameworkElementLogicalThenVisualChildren(FrameworkElement feParent, Boolean hasLogicalChildren)
   at System.Windows.DescendentsWalker`1.IterateChildren(DependencyObject d)
   at System.Windows.DescendentsWalker`1.StartWalk(DependencyObject startNode, Boolean skipStartNode)
   at System.Windows.FrameworkElement.OnPropertyChanged(DependencyPropertyChangedEventArgs e)
   at System.Windows.DependencyObject.NotifyPropertyChange(DependencyPropertyChangedEventArgs args)
   at System.Windows.DependencyObject.UpdateEffectiveValue(EntryIndex entryIndex, DependencyProperty dp, PropertyMetadata metadata, EffectiveValueEntry oldEntry, EffectiveValueEntry& newEntry, Boolean coerceWithDeferredReference, Boolean coerceWithCurrentValue, OperationType operationType)
   at System.Windows.DependencyObject.SetValueCommon(DependencyProperty dp, Object value, PropertyMetadata metadata, Boolean coerceWithDeferredReference, Boolean coerceWithCurrentValue, OperationType operationType, Boolean isInternal)
   at System.Windows.Controls.ItemContainerGenerator.LinkContainerToItem(DependencyObject container, Object item)
   at System.Windows.Controls.ItemContainerGenerator.OnItemReplaced(Object oldItem, Object newItem, Int32 index, NotifyCollectionChangedEventArgs collectionChangedArgs)
   at System.Windows.Controls.ItemContainerGenerator.OnCollectionChanged(Object sender, NotifyCollectionChangedEventArgs args)
   at System.Windows.WeakEventManager.ListenerList`1.DeliverEvent(Object sender, EventArgs e, Type managerType)
   at System.Windows.WeakEventManager.DeliverEvent(Object sender, EventArgs args)
   at System.Collections.Specialized.CollectionChangedEventManager.OnCollectionChanged(Object sender, NotifyCollectionChangedEventArgs args)
   at System.Collections.Specialized.NotifyCollectionChangedEventHandler.Invoke(Object sender, NotifyCollectionChangedEventArgs e)
   at System.Windows.Data.CollectionView.OnCollectionChanged(NotifyCollectionChangedEventArgs args)
   at System.Windows.Controls.ItemCollection.OnViewCollectionChanged(Object sender, NotifyCollectionChangedEventArgs e)
   at System.Windows.WeakEventManager.ListenerList`1.DeliverEvent(Object sender, EventArgs e, Type managerType)
   at System.Windows.WeakEventManager.DeliverEvent(Object sender, EventArgs args)
   at System.Collections.Specialized.CollectionChangedEventManager.OnCollectionChanged(Object sender, NotifyCollectionChangedEventArgs args)
   at System.Windows.Data.CollectionView.OnCollectionChanged(NotifyCollectionChangedEventArgs args)
   at System.Windows.Data.ListCollectionView.ProcessCollectionChangedWithAdjustedIndex(NotifyCollectionChangedEventArgs args, Int32 adjustedOldIndex, Int32 adjustedNewIndex)
   at System.Windows.Data.ListCollectionView.ProcessCollectionChanged(NotifyCollectionChangedEventArgs args)
   at System.Windows.Data.CollectionView.OnCollectionChanged(Object sender, NotifyCollectionChangedEventArgs args)
   at System.Windows.Controls.MultipleCopiesCollection.OnCollectionChanged(NotifyCollectionChangedEventArgs e)
   at System.Windows.Controls.MultipleCopiesCollection.set_CopiedItem(Object value)
   at System.Windows.Controls.Primitives.DataGridCellsPresenter.OnItemChanged(Object oldItem, Object newItem)
   at System.Windows.Controls.DataGridRow.OnItemChanged(Object oldItem, Object newItem)
   at System.Windows.Controls.DataGridRow.NotifyPropertyChanged(DependencyObject d, String propertyName, DependencyPropertyChangedEventArgs e, DataGridNotificationTarget target)
   at System.Windows.Controls.DataGridRow.OnNotifyRowPropertyChanged(DependencyObject d, DependencyPropertyChangedEventArgs e)
   at System.Windows.DependencyObject.OnPropertyChanged(DependencyPropertyChangedEventArgs e)
   at System.Windows.FrameworkElement.OnPropertyChanged(DependencyPropertyChangedEventArgs e)
   at System.Windows.Controls.DataGridRow.OnPropertyChanged(DependencyPropertyChangedEventArgs e)
   at System.Windows.DependencyObject.NotifyPropertyChange(DependencyPropertyChangedEventArgs args)
   at System.Windows.DependencyObject.UpdateEffectiveValue(EntryIndex entryIndex, DependencyProperty dp, PropertyMetadata metadata, EffectiveValueEntry oldEntry, EffectiveValueEntry& newEntry, Boolean coerceWithDeferredReference, Boolean coerceWithCurrentValue, OperationType operationType)
   at System.Windows.DependencyObject.SetValueCommon(DependencyProperty dp, Object value, PropertyMetadata metadata, Boolean coerceWithDeferredReference, Boolean coerceWithCurrentValue, OperationType operationType, Boolean isInternal)
   at System.Windows.DependencyObject.SetValue(DependencyProperty dp, Object value)
   at System.Windows.Controls.DataGridRow.PrepareRow(Object item, DataGrid owningDataGrid)
   at System.Windows.Controls.DataGrid.PrepareContainerForItemOverride(DependencyObject element, Object item)
   at System.Windows.Controls.ItemsControl.MS.Internal.Controls.IGeneratorHost.PrepareItemContainer(DependencyObject container, Object item)
   at System.Windows.Controls.ItemContainerGenerator.System.Windows.Controls.Primitives.IItemContainerGenerator.PrepareItemContainer(DependencyObject container)
   at System.Windows.Controls.VirtualizingStackPanel.InsertContainer(Int32 childIndex, UIElement container, Boolean isRecycled)
   at System.Windows.Controls.VirtualizingStackPanel.AddContainerFromGenerator(Int32 childIndex, UIElement child, Boolean newlyRealized, Boolean isBeforeViewport)
   at System.Windows.Controls.VirtualizingStackPanel.MeasureChild(IItemContainerGenerator& generator, IContainItemStorage& itemStorageProvider, IContainItemStorage& parentItemStorageProvider, Object& parentItem, Boolean& hasUniformOrAverageContainerSizeBeenSet, Double& computedUniformOrAverageContainerSize, Double& computedUniformOrAverageContainerPixelSize, Boolean& computedAreContainersUniformlySized, Boolean& hasAnyContainerSpanChanged, IList& items, Object& item, IList& children, Int32& childIndex, Boolean& visualOrderChanged, Boolean& isHorizontal, Size& childConstraint, Rect& viewport, VirtualizationCacheLength& cacheSize, VirtualizationCacheLengthUnit& cacheUnit, Int64& scrollGeneration, Boolean& foundFirstItemInViewport, Double& firstItemInViewportOffset, Size& stackPixelSize, Size& stackPixelSizeInViewport, Size& stackPixelSizeInCacheBeforeViewport, Size& stackPixelSizeInCacheAfterViewport, Size& stackLogicalSize, Size& stackLogicalSizeInViewport, Size& stackLogicalSizeInCacheBeforeViewport, Size& stackLogicalSizeInCacheAfterViewport, Boolean& mustDisableVirtualization, Boolean isBeforeFirstItem, Boolean isAfterFirstItem, Boolean isAfterLastItem, Boolean skipActualMeasure, Boolean skipGeneration, Boolean isAncestorLookingForFirstItem, Boolean& hasBringIntoViewContainerBeenMeasured, Boolean& hasVirtualizingChildren)
   at System.Windows.Controls.VirtualizingStackPanel.MeasureOverrideImpl(Size constraint, Nullable`1& lastPageSafeOffset, List`1& previouslyMeasuredOffsets, Nullable`1& lastPagePixelSize, Boolean remeasure)
   at System.Windows.Controls.VirtualizingStackPanel.MeasureOverride(Size constraint)
   at System.Windows.Controls.Primitives.DataGridRowsPresenter.MeasureOverride(Size constraint)
   at System.Windows.FrameworkElement.MeasureCore(Size availableSize)
   at System.Windows.UIElement.Measure(Size availableSize)
   at MS.Internal.Helper.MeasureElementWithSingleChild(UIElement element, Size constraint)
   at System.Windows.Controls.ItemsPresenter.MeasureOverride(Size constraint)
   at System.Windows.FrameworkElement.MeasureCore(Size availableSize)
   at System.Windows.UIElement.Measure(Size availableSize)
   at MS.Internal.Helper.MeasureElementWithSingleChild(UIElement element, Size constraint)
   at System.Windows.Controls.ScrollContentPresenter.MeasureOverride(Size constraint)
   at System.Windows.FrameworkElement.MeasureCore(Size availableSize)
   at System.Windows.UIElement.Measure(Size availableSize)
   at System.Windows.Controls.Grid.MeasureCell(Int32 cell, Boolean forceInfinityV)
   at System.Windows.Controls.Grid.MeasureCellsGroup(Int32 cellsHead, Size referenceSize, Boolean ignoreDesiredSizeU, Boolean forceInfinityV, Boolean& hasDesiredSizeUChanged)
   at System.Windows.Controls.Grid.MeasureCellsGroup(Int32 cellsHead, Size referenceSize, Boolean ignoreDesiredSizeU, Boolean forceInfinityV)
   at System.Windows.Controls.Grid.MeasureOverride(Size constraint)
   at System.Windows.FrameworkElement.MeasureCore(Size availableSize)
   at System.Windows.UIElement.Measure(Size availableSize)
   at System.Windows.Controls.ScrollViewer.MeasureOverride(Size constraint)
   at System.Windows.FrameworkElement.MeasureCore(Size availableSize)
   at System.Windows.UIElement.Measure(Size availableSize)
   at System.Windows.Controls.Border.MeasureOverride(Size constraint)
   at System.Windows.FrameworkElement.MeasureCore(Size availableSize)
   at System.Windows.UIElement.Measure(Size availableSize)
   at System.Windows.Controls.Control.MeasureOverride(Size constraint)
   at System.Windows.Controls.DataGrid.MeasureOverride(Size availableSize)
   at System.Windows.FrameworkElement.MeasureCore(Size availableSize)
   at System.Windows.UIElement.Measure(Size availableSize)
   at System.Windows.Controls.DockPanel.MeasureOverride(Size constraint)
   at System.Windows.FrameworkElement.MeasureCore(Size availableSize)
   at System.Windows.UIElement.Measure(Size availableSize)
   at MS.Internal.Helper.MeasureElementWithSingleChild(UIElement element, Size constraint)
   at System.Windows.Controls.ContentPresenter.MeasureOverride(Size constraint)
   at System.Windows.FrameworkElement.MeasureCore(Size availableSize)
   at System.Windows.UIElement.Measure(Size availableSize)
   at System.Windows.Documents.AdornerDecorator.MeasureOverride(Size constraint)
   at System.Windows.FrameworkElement.MeasureCore(Size availableSize)
   at System.Windows.UIElement.Measure(Size availableSize)
   at System.Windows.Controls.Border.MeasureOverride(Size constraint)
   at System.Windows.FrameworkElement.MeasureCore(Size availableSize)
   at System.Windows.UIElement.Measure(Size availableSize)
   at System.Windows.Window.MeasureOverrideHelper(Size constraint)
   at System.Windows.Window.MeasureOverride(Size availableSize)
   at System.Windows.FrameworkElement.MeasureCore(Size availableSize)
   at System.Windows.UIElement.Measure(Size availableSize)
   at System.Windows.ContextLayoutManager.UpdateLayout()
   at System.Windows.ContextLayoutManager.UpdateLayoutCallback(Object arg)
   at System.Windows.Media.MediaContext.InvokeOnRenderCallback.DoWork()
   at System.Windows.Media.MediaContext.FireInvokeOnRenderCallbacks()
   at System.Windows.Media.MediaContext.RenderMessageHandlerCore(Object resizedCompositionTarget)
   at System.Windows.Media.MediaContext.RenderMessageHandler(Object resizedCompositionTarget)
   at System.Windows.Media.MediaContext.Resize(ICompositionTarget resizedCompositionTarget)
   at System.Windows.Interop.HwndTarget.OnResize()
   at System.Windows.Interop.HwndTarget.HandleMessage(WindowMessage msg, IntPtr wparam, IntPtr lparam)
   at System.Windows.Interop.HwndSource.HwndTargetFilterMessage(IntPtr hwnd, Int32 msg, IntPtr wParam, IntPtr lParam, Boolean& handled)
   at MS.Win32.HwndWrapper.WndProc(IntPtr hwnd, Int32 msg, IntPtr wParam, IntPtr lParam, Boolean& handled)
   at MS.Win32.HwndSubclass.DispatcherCallbackOperation(Object o)
   at System.Windows.Threading.ExceptionWrapper.InternalRealCall(Delegate callback, Object args, Int32 numArgs)
   at System.Windows.Threading.ExceptionWrapper.TryCatchWhen(Object source, Delegate callback, Object args, Int32 numArgs, Delegate catchHandler)

[2026-08-13T14:40:30] (Dispatcher)
System.InvalidOperationException: A TwoWay or OneWayToSource binding cannot work on the read-only property 'OriginalDisplay' of type 'Lycoris.TransRow'.
   at MS.Internal.Data.PropertyPathWorker.CheckReadOnly(Object item, Object info)
   at MS.Internal.Data.PropertyPathWorker.ReplaceItem(Int32 k, Object newO, Object parent)
   at MS.Internal.Data.PropertyPathWorker.UpdateSourceValueState(Int32 k, ICollectionView collectionView, Object newValue, Boolean isASubPropertyChange)
   at MS.Internal.Data.ClrBindingWorker.AttachDataItem()
   at System.Windows.Data.BindingExpression.Activate(Object item)
   at System.Windows.Data.BindingExpression.OnDataContextChanged(DependencyObject contextElement)
   at System.Windows.Data.BindingExpression.HandlePropertyInvalidation(DependencyObject d, DependencyPropertyChangedEventArgs args)
   at System.Windows.Data.BindingExpressionBase.OnPropertyInvalidation(DependencyObject d, DependencyPropertyChangedEventArgs args)
   at System.Windows.Data.BindingExpression.OnPropertyInvalidation(DependencyObject d, DependencyPropertyChangedEventArgs args)
   at System.Windows.DependentList.InvalidateDependents(DependencyObject source, DependencyPropertyChangedEventArgs sourceArgs)
   at System.Windows.DependencyObject.NotifyPropertyChange(DependencyPropertyChangedEventArgs args)
   at System.Windows.DependencyObject.UpdateEffectiveValue(EntryIndex entryIndex, DependencyProperty dp, PropertyMetadata metadata, EffectiveValueEntry oldEntry, EffectiveValueEntry& newEntry, Boolean coerceWithDeferredReference, Boolean coerceWithCurrentValue, OperationType operationType)
   at System.Windows.TreeWalkHelper.OnInheritablePropertyChanged(DependencyObject d, InheritablePropertyChangeInfo info, Boolean visitedViaVisualTree)
   at System.Windows.DescendentsWalker`1._VisitNode(DependencyObject d, Boolean visitedViaVisualTree)
   at System.Windows.DescendentsWalker`1.VisitNode(FrameworkElement fe, Boolean visitedViaVisualTree)
   at System.Windows.DescendentsWalker`1.VisitNode(DependencyObject d, Boolean visitedViaVisualTree)
   at System.Windows.DescendentsWalker`1.WalkLogicalChildren(FrameworkElement feParent, FrameworkContentElement fceParent, IEnumerator logicalChildren)
   at System.Windows.DescendentsWalker`1.WalkFrameworkElementLogicalThenVisualChildren(FrameworkElement feParent, Boolean hasLogicalChildren)
   at System.Windows.DescendentsWalker`1.IterateChildren(DependencyObject d)
   at System.Windows.DescendentsWalker`1.StartWalk(DependencyObject startNode, Boolean skipStartNode)
   at System.Windows.FrameworkElement.OnPropertyChanged(DependencyPropertyChangedEventArgs e)
   at System.Windows.DependencyObject.NotifyPropertyChange(DependencyPropertyChangedEventArgs args)
   at System.Windows.DependencyObject.UpdateEffectiveValue(EntryIndex entryIndex, DependencyProperty dp, PropertyMetadata metadata, EffectiveValueEntry oldEntry, EffectiveValueEntry& newEntry, Boolean coerceWithDeferredReference, Boolean coerceWithCurrentValue, OperationType operationType)
   at System.Windows.DependencyObject.SetValueCommon(DependencyProperty dp, Object value, PropertyMetadata metadata, Boolean coerceWithDeferredReference, Boolean coerceWithCurrentValue, OperationType operationType, Boolean isInternal)
   at System.Windows.Controls.ItemContainerGenerator.LinkContainerToItem(DependencyObject container, Object item)
   at System.Windows.Controls.ItemContainerGenerator.OnItemReplaced(Object oldItem, Object newItem, Int32 index, NotifyCollectionChangedEventArgs collectionChangedArgs)
   at System.Windows.Controls.ItemContainerGenerator.OnCollectionChanged(Object sender, NotifyCollectionChangedEventArgs args)
   at System.Windows.WeakEventManager.ListenerList`1.DeliverEvent(Object sender, EventArgs e, Type managerType)
   at System.Windows.WeakEventManager.DeliverEvent(Object sender, EventArgs args)
   at System.Collections.Specialized.CollectionChangedEventManager.OnCollectionChanged(Object sender, NotifyCollectionChangedEventArgs args)
   at System.Collections.Specialized.NotifyCollectionChangedEventHandler.Invoke(Object sender, NotifyCollectionChangedEventArgs e)
   at System.Windows.Data.CollectionView.OnCollectionChanged(NotifyCollectionChangedEventArgs args)
   at System.Windows.Controls.ItemCollection.OnViewCollectionChanged(Object sender, NotifyCollectionChangedEventArgs e)
   at System.Windows.WeakEventManager.ListenerList`1.DeliverEvent(Object sender, EventArgs e, Type managerType)
   at System.Windows.WeakEventManager.DeliverEvent(Object sender, EventArgs args)
   at System.Collections.Specialized.CollectionChangedEventManager.OnCollectionChanged(Object sender, NotifyCollectionChangedEventArgs args)
   at System.Windows.Data.CollectionView.OnCollectionChanged(NotifyCollectionChangedEventArgs args)
   at System.Windows.Data.ListCollectionView.ProcessCollectionChangedWithAdjustedIndex(NotifyCollectionChangedEventArgs args, Int32 adjustedOldIndex, Int32 adjustedNewIndex)
   at System.Windows.Data.ListCollectionView.ProcessCollectionChanged(NotifyCollectionChangedEventArgs args)
   at System.Windows.Data.CollectionView.OnCollectionChanged(Object sender, NotifyCollectionChangedEventArgs args)
   at System.Windows.Controls.MultipleCopiesCollection.OnCollectionChanged(NotifyCollectionChangedEventArgs e)
   at System.Windows.Controls.MultipleCopiesCollection.set_CopiedItem(Object value)
   at System.Windows.Controls.Primitives.DataGridCellsPresenter.OnItemChanged(Object oldItem, Object newItem)
   at System.Windows.Controls.DataGridRow.OnItemChanged(Object oldItem, Object newItem)
   at System.Windows.Controls.DataGridRow.NotifyPropertyChanged(DependencyObject d, String propertyName, DependencyPropertyChangedEventArgs e, DataGridNotificationTarget target)
   at System.Windows.Controls.DataGridRow.OnNotifyRowPropertyChanged(DependencyObject d, DependencyPropertyChangedEventArgs e)
   at System.Windows.DependencyObject.OnPropertyChanged(DependencyPropertyChangedEventArgs e)
   at System.Windows.FrameworkElement.OnPropertyChanged(DependencyPropertyChangedEventArgs e)
   at System.Windows.Controls.DataGridRow.OnPropertyChanged(DependencyPropertyChangedEventArgs e)
   at System.Windows.DependencyObject.NotifyPropertyChange(DependencyPropertyChangedEventArgs args)
   at System.Windows.DependencyObject.UpdateEffectiveValue(EntryIndex entryIndex, DependencyProperty dp, PropertyMetadata metadata, EffectiveValueEntry oldEntry, EffectiveValueEntry& newEntry, Boolean coerceWithDeferredReference, Boolean coerceWithCurrentValue, OperationType operationType)
   at System.Windows.DependencyObject.SetValueCommon(DependencyProperty dp, Object value, PropertyMetadata metadata, Boolean coerceWithDeferredReference, Boolean coerceWithCurrentValue, OperationType operationType, Boolean isInternal)
   at System.Windows.DependencyObject.SetValue(DependencyProperty dp, Object value)
   at System.Windows.Controls.DataGridRow.PrepareRow(Object item, DataGrid owningDataGrid)
   at System.Windows.Controls.DataGrid.PrepareContainerForItemOverride(DependencyObject element, Object item)
   at System.Windows.Controls.ItemsControl.MS.Internal.Controls.IGeneratorHost.PrepareItemContainer(DependencyObject container, Object item)
   at System.Windows.Controls.ItemContainerGenerator.System.Windows.Controls.Primitives.IItemContainerGenerator.PrepareItemContainer(DependencyObject container)
   at System.Windows.Controls.VirtualizingStackPanel.InsertContainer(Int32 childIndex, UIElement container, Boolean isRecycled)
   at System.Windows.Controls.VirtualizingStackPanel.AddContainerFromGenerator(Int32 childIndex, UIElement child, Boolean newlyRealized, Boolean isBeforeViewport)
   at System.Windows.Controls.VirtualizingStackPanel.MeasureChild(IItemContainerGenerator& generator, IContainItemStorage& itemStorageProvider, IContainItemStorage& parentItemStorageProvider, Object& parentItem, Boolean& hasUniformOrAverageContainerSizeBeenSet, Double& computedUniformOrAverageContainerSize, Double& computedUniformOrAverageContainerPixelSize, Boolean& computedAreContainersUniformlySized, Boolean& hasAnyContainerSpanChanged, IList& items, Object& item, IList& children, Int32& childIndex, Boolean& visualOrderChanged, Boolean& isHorizontal, Size& childConstraint, Rect& viewport, VirtualizationCacheLength& cacheSize, VirtualizationCacheLengthUnit& cacheUnit, Int64& scrollGeneration, Boolean& foundFirstItemInViewport, Double& firstItemInViewportOffset, Size& stackPixelSize, Size& stackPixelSizeInViewport, Size& stackPixelSizeInCacheBeforeViewport, Size& stackPixelSizeInCacheAfterViewport, Size& stackLogicalSize, Size& stackLogicalSizeInViewport, Size& stackLogicalSizeInCacheBeforeViewport, Size& stackLogicalSizeInCacheAfterViewport, Boolean& mustDisableVirtualization, Boolean isBeforeFirstItem, Boolean isAfterFirstItem, Boolean isAfterLastItem, Boolean skipActualMeasure, Boolean skipGeneration, Boolean isAncestorLookingForFirstItem, Boolean& hasBringIntoViewContainerBeenMeasured, Boolean& hasVirtualizingChildren)
   at System.Windows.Controls.VirtualizingStackPanel.MeasureOverrideImpl(Size constraint, Nullable`1& lastPageSafeOffset, List`1& previouslyMeasuredOffsets, Nullable`1& lastPagePixelSize, Boolean remeasure)
   at System.Windows.Controls.VirtualizingStackPanel.MeasureOverride(Size constraint)
   at System.Windows.Controls.Primitives.DataGridRowsPresenter.MeasureOverride(Size constraint)
   at System.Windows.FrameworkElement.MeasureCore(Size availableSize)
   at System.Windows.UIElement.Measure(Size availableSize)
   at System.Windows.ContextLayoutManager.UpdateLayout()
   at System.Windows.ContextLayoutManager.UpdateLayoutCallback(Object arg)
   at System.Windows.Media.MediaContext.InvokeOnRenderCallback.DoWork()
   at System.Windows.Media.MediaContext.FireInvokeOnRenderCallbacks()
   at System.Windows.Media.MediaContext.RenderMessageHandlerCore(Object resizedCompositionTarget)
   at System.Windows.Media.MediaContext.RenderMessageHandler(Object resizedCompositionTarget)
   at System.Windows.Threading.ExceptionWrapper.InternalRealCall(Delegate callback, Object args, Int32 numArgs)
   at System.Windows.Threading.ExceptionWrapper.TryCatchWhen(Object source, Delegate callback, Object args, Int32 numArgs, Delegate catchHandler)

[2026-08-13T14:40:30] (Dispatcher)
System.InvalidOperationException: A TwoWay or OneWayToSource binding cannot work on the read-only property 'OriginalDisplay' of type 'Lycoris.TransRow'.
   at MS.Internal.Data.PropertyPathWorker.CheckReadOnly(Object item, Object info)
   at MS.Internal.Data.PropertyPathWorker.ReplaceItem(Int32 k, Object newO, Object parent)
   at MS.Internal.Data.PropertyPathWorker.UpdateSourceValueState(Int32 k, ICollectionView collectionView, Object newValue, Boolean isASubPropertyChange)
   at MS.Internal.Data.ClrBindingWorker.AttachDataItem()
   at System.Windows.Data.BindingExpression.Activate(Object item)
   at System.Windows.Data.BindingExpression.AttachToContext(AttachAttempt attempt)
   at System.Windows.Data.BindingExpression.MS.Internal.Data.IDataBindEngineClient.AttachToContext(Boolean lastChance)
   at MS.Internal.Data.DataBindEngine.Task.Run(Boolean lastChance)
   at MS.Internal.Data.DataBindEngine.Run(Object arg)
   at MS.Internal.Data.DataBindEngine.OnLayoutUpdated(Object sender, EventArgs e)
   at System.Windows.ContextLayoutManager.fireLayoutUpdateEvent()
   at System.Windows.ContextLayoutManager.UpdateLayout()
   at System.Windows.UIElement.UpdateLayout()
   at System.Windows.Controls.VirtualizingStackPanel.<>c__DisplayClass98_0.<InitializeViewport>b__0()
   at System.Windows.Threading.ExceptionWrapper.InternalRealCall(Delegate callback, Object args, Int32 numArgs)
   at System.Windows.Threading.ExceptionWrapper.TryCatchWhen(Object source, Delegate callback, Object args, Int32 numArgs, Delegate catchHandler)

[2026-08-13T14:40:33] (Dispatcher)
System.InvalidOperationException: A TwoWay or OneWayToSource binding cannot work on the read-only property 'OriginalDisplay' of type 'Lycoris.TransRow'.
   at MS.Internal.Data.PropertyPathWorker.CheckReadOnly(Object item, Object info)
   at MS.Internal.Data.PropertyPathWorker.ReplaceItem(Int32 k, Object newO, Object parent)
   at MS.Internal.Data.PropertyPathWorker.UpdateSourceValueState(Int32 k, ICollectionView collectionView, Object newValue, Boolean isASubPropertyChange)
   at MS.Internal.Data.ClrBindingWorker.AttachDataItem()
   at System.Windows.Data.BindingExpression.Activate(Object item)
   at System.Windows.Data.BindingExpression.OnDataContextChanged(DependencyObject contextElement)
   at System.Windows.Data.BindingExpression.HandlePropertyInvalidation(DependencyObject d, DependencyPropertyChangedEventArgs args)
   at System.Windows.Data.BindingExpressionBase.OnPropertyInvalidation(DependencyObject d, DependencyPropertyChangedEventArgs args)
   at System.Windows.Data.BindingExpression.OnPropertyInvalidation(DependencyObject d, DependencyPropertyChangedEventArgs args)
   at System.Windows.DependentList.InvalidateDependents(DependencyObject source, DependencyPropertyChangedEventArgs sourceArgs)
   at System.Windows.DependencyObject.NotifyPropertyChange(DependencyPropertyChangedEventArgs args)
   at System.Windows.DependencyObject.UpdateEffectiveValue(EntryIndex entryIndex, DependencyProperty dp, PropertyMetadata metadata, EffectiveValueEntry oldEntry, EffectiveValueEntry& newEntry, Boolean coerceWithDeferredReference, Boolean coerceWithCurrentValue, OperationType operationType)
   at System.Windows.TreeWalkHelper.OnInheritablePropertyChanged(DependencyObject d, InheritablePropertyChangeInfo info, Boolean visitedViaVisualTree)
   at System.Windows.DescendentsWalker`1._VisitNode(DependencyObject d, Boolean visitedViaVisualTree)
   at System.Windows.DescendentsWalker`1.VisitNode(FrameworkElement fe, Boolean visitedViaVisualTree)
   at System.Windows.DescendentsWalker`1.VisitNode(DependencyObject d, Boolean visitedViaVisualTree)
   at System.Windows.DescendentsWalker`1.WalkLogicalChildren(FrameworkElement feParent, FrameworkContentElement fceParent, IEnumerator logicalChildren)
   at System.Windows.DescendentsWalker`1.WalkFrameworkElementLogicalThenVisualChildren(FrameworkElement feParent, Boolean hasLogicalChildren)
   at System.Windows.DescendentsWalker`1.IterateChildren(DependencyObject d)
   at System.Windows.DescendentsWalker`1.StartWalk(DependencyObject startNode, Boolean skipStartNode)
   at System.Windows.FrameworkElement.OnPropertyChanged(DependencyPropertyChangedEventArgs e)
   at System.Windows.DependencyObject.NotifyPropertyChange(DependencyPropertyChangedEventArgs args)
   at System.Windows.DependencyObject.UpdateEffectiveValue(EntryIndex entryIndex, DependencyProperty dp, PropertyMetadata metadata, EffectiveValueEntry oldEntry, EffectiveValueEntry& newEntry, Boolean coerceWithDeferredReference, Boolean coerceWithCurrentValue, OperationType operationType)
   at System.Windows.DependencyObject.SetValueCommon(DependencyProperty dp, Object value, PropertyMetadata metadata, Boolean coerceWithDeferredReference, Boolean coerceWithCurrentValue, OperationType operationType, Boolean isInternal)
   at System.Windows.Controls.ItemContainerGenerator.LinkContainerToItem(DependencyObject container, Object item)
   at System.Windows.Controls.ItemContainerGenerator.OnItemReplaced(Object oldItem, Object newItem, Int32 index, NotifyCollectionChangedEventArgs collectionChangedArgs)
   at System.Windows.Controls.ItemContainerGenerator.OnCollectionChanged(Object sender, NotifyCollectionChangedEventArgs args)
   at System.Windows.WeakEventManager.ListenerList`1.DeliverEvent(Object sender, EventArgs e, Type managerType)
   at System.Windows.WeakEventManager.DeliverEvent(Object sender, EventArgs args)
   at System.Collections.Specialized.CollectionChangedEventManager.OnCollectionChanged(Object sender, NotifyCollectionChangedEventArgs args)
   at System.Collections.Specialized.NotifyCollectionChangedEventHandler.Invoke(Object sender, NotifyCollectionChangedEventArgs e)
   at System.Windows.Data.CollectionView.OnCollectionChanged(NotifyCollectionChangedEventArgs args)
   at System.Windows.Controls.ItemCollection.OnViewCollectionChanged(Object sender, NotifyCollectionChangedEventArgs e)
   at System.Windows.WeakEventManager.ListenerList`1.DeliverEvent(Object sender, EventArgs e, Type managerType)
   at System.Windows.WeakEventManager.DeliverEvent(Object sender, EventArgs args)
   at System.Collections.Specialized.CollectionChangedEventManager.OnCollectionChanged(Object sender, NotifyCollectionChangedEventArgs args)
   at System.Windows.Data.CollectionView.OnCollectionChanged(NotifyCollectionChangedEventArgs args)
   at System.Windows.Data.ListCollectionView.ProcessCollectionChangedWithAdjustedIndex(NotifyCollectionChangedEventArgs args, Int32 adjustedOldIndex, Int32 adjustedNewIndex)
   at System.Windows.Data.ListCollectionView.ProcessCollectionChanged(NotifyCollectionChangedEventArgs args)
   at System.Windows.Data.CollectionView.OnCollectionChanged(Object sender, NotifyCollectionChangedEventArgs args)
   at System.Windows.Controls.MultipleCopiesCollection.OnCollectionChanged(NotifyCollectionChangedEventArgs e)
   at System.Windows.Controls.MultipleCopiesCollection.set_CopiedItem(Object value)
   at System.Windows.Controls.Primitives.DataGridCellsPresenter.OnItemChanged(Object oldItem, Object newItem)
   at System.Windows.Controls.DataGridRow.OnItemChanged(Object oldItem, Object newItem)
   at System.Windows.Controls.DataGridRow.NotifyPropertyChanged(DependencyObject d, String propertyName, DependencyPropertyChangedEventArgs e, DataGridNotificationTarget target)
   at System.Windows.Controls.DataGridRow.OnNotifyRowPropertyChanged(DependencyObject d, DependencyPropertyChangedEventArgs e)
   at System.Windows.DependencyObject.OnPropertyChanged(DependencyPropertyChangedEventArgs e)
   at System.Windows.FrameworkElement.OnPropertyChanged(DependencyPropertyChangedEventArgs e)
   at System.Windows.Controls.DataGridRow.OnPropertyChanged(DependencyPropertyChangedEventArgs e)
   at System.Windows.DependencyObject.NotifyPropertyChange(DependencyPropertyChangedEventArgs args)
   at System.Windows.DependencyObject.UpdateEffectiveValue(EntryIndex entryIndex, DependencyProperty dp, PropertyMetadata metadata, EffectiveValueEntry oldEntry, EffectiveValueEntry& newEntry, Boolean coerceWithDeferredReference, Boolean coerceWithCurrentValue, OperationType operationType)
   at System.Windows.DependencyObject.SetValueCommon(DependencyProperty dp, Object value, PropertyMetadata metadata, Boolean coerceWithDeferredReference, Boolean coerceWithCurrentValue, OperationType operationType, Boolean isInternal)
   at System.Windows.DependencyObject.SetValue(DependencyProperty dp, Object value)
   at System.Windows.Controls.DataGridRow.PrepareRow(Object item, DataGrid owningDataGrid)
   at System.Windows.Controls.DataGrid.PrepareContainerForItemOverride(DependencyObject element, Object item)
   at System.Windows.Controls.ItemsControl.MS.Internal.Controls.IGeneratorHost.PrepareItemContainer(DependencyObject container, Object item)
   at System.Windows.Controls.ItemContainerGenerator.System.Windows.Controls.Primitives.IItemContainerGenerator.PrepareItemContainer(DependencyObject container)
   at System.Windows.Controls.VirtualizingStackPanel.InsertContainer(Int32 childIndex, UIElement container, Boolean isRecycled)
   at System.Windows.Controls.VirtualizingStackPanel.AddContainerFromGenerator(Int32 childIndex, UIElement child, Boolean newlyRealized, Boolean isBeforeViewport)
   at System.Windows.Controls.VirtualizingStackPanel.MeasureChild(IItemContainerGenerator& generator, IContainItemStorage& itemStorageProvider, IContainItemStorage& parentItemStorageProvider, Object& parentItem, Boolean& hasUniformOrAverageContainerSizeBeenSet, Double& computedUniformOrAverageContainerSize, Double& computedUniformOrAverageContainerPixelSize, Boolean& computedAreContainersUniformlySized, Boolean& hasAnyContainerSpanChanged, IList& items, Object& item, IList& children, Int32& childIndex, Boolean& visualOrderChanged, Boolean& isHorizontal, Size& childConstraint, Rect& viewport, VirtualizationCacheLength& cacheSize, VirtualizationCacheLengthUnit& cacheUnit, Int64& scrollGeneration, Boolean& foundFirstItemInViewport, Double& firstItemInViewportOffset, Size& stackPixelSize, Size& stackPixelSizeInViewport, Size& stackPixelSizeInCacheBeforeViewport, Size& stackPixelSizeInCacheAfterViewport, Size& stackLogicalSize, Size& stackLogicalSizeInViewport, Size& stackLogicalSizeInCacheBeforeViewport, Size& stackLogicalSizeInCacheAfterViewport, Boolean& mustDisableVirtualization, Boolean isBeforeFirstItem, Boolean isAfterFirstItem, Boolean isAfterLastItem, Boolean skipActualMeasure, Boolean skipGeneration, Boolean isAncestorLookingForFirstItem, Boolean& hasBringIntoViewContainerBeenMeasured, Boolean& hasVirtualizingChildren)
   at System.Windows.Controls.VirtualizingStackPanel.MeasureOverrideImpl(Size constraint, Nullable`1& lastPageSafeOffset, List`1& previouslyMeasuredOffsets, Nullable`1& lastPagePixelSize, Boolean remeasure)
   at System.Windows.Controls.VirtualizingStackPanel.MeasureOverride(Size constraint)
   at System.Windows.Controls.Primitives.DataGridRowsPresenter.MeasureOverride(Size constraint)
   at System.Windows.FrameworkElement.MeasureCore(Size availableSize)
   at System.Windows.UIElement.Measure(Size availableSize)
   at System.Windows.ContextLayoutManager.UpdateLayout()
   at System.Windows.ContextLayoutManager.UpdateLayoutCallback(Object arg)
   at System.Windows.Media.MediaContext.InvokeOnRenderCallback.DoWork()
   at System.Windows.Media.MediaContext.FireInvokeOnRenderCallbacks()
   at System.Windows.Media.MediaContext.RenderMessageHandlerCore(Object resizedCompositionTarget)
   at System.Windows.Media.MediaContext.RenderMessageHandler(Object resizedCompositionTarget)
   at System.Windows.Threading.ExceptionWrapper.InternalRealCall(Delegate callback, Object args, Int32 numArgs)
   at System.Windows.Threading.ExceptionWrapper.TryCatchWhen(Object source, Delegate callback, Object args, Int32 numArgs, Delegate catchHandler)

[2026-08-13T14:40:33] (Dispatcher)
System.InvalidOperationException: A TwoWay or OneWayToSource binding cannot work on the read-only property 'OriginalDisplay' of type 'Lycoris.TransRow'.
   at MS.Internal.Data.PropertyPathWorker.CheckReadOnly(Object item, Object info)
   at MS.Internal.Data.PropertyPathWorker.ReplaceItem(Int32 k, Object newO, Object parent)
   at MS.Internal.Data.PropertyPathWorker.UpdateSourceValueState(Int32 k, ICollectionView collectionView, Object newValue, Boolean isASubPropertyChange)
   at MS.Internal.Data.ClrBindingWorker.AttachDataItem()
   at System.Windows.Data.BindingExpression.Activate(Object item)
   at System.Windows.Data.BindingExpression.OnDataContextChanged(DependencyObject contextElement)
   at System.Windows.Data.BindingExpression.HandlePropertyInvalidation(DependencyObject d, DependencyPropertyChangedEventArgs args)
   at System.Windows.Data.BindingExpressionBase.OnPropertyInvalidation(DependencyObject d, DependencyPropertyChangedEventArgs args)
   at System.Windows.Data.BindingExpression.OnPropertyInvalidation(DependencyObject d, DependencyPropertyChangedEventArgs args)
   at System.Windows.DependentList.InvalidateDependents(DependencyObject source, DependencyPropertyChangedEventArgs sourceArgs)
   at System.Windows.DependencyObject.NotifyPropertyChange(DependencyPropertyChangedEventArgs args)
   at System.Windows.DependencyObject.UpdateEffectiveValue(EntryIndex entryIndex, DependencyProperty dp, PropertyMetadata metadata, EffectiveValueEntry oldEntry, EffectiveValueEntry& newEntry, Boolean coerceWithDeferredReference, Boolean coerceWithCurrentValue, OperationType operationType)
   at System.Windows.TreeWalkHelper.OnInheritablePropertyChanged(DependencyObject d, InheritablePropertyChangeInfo info, Boolean visitedViaVisualTree)
   at System.Windows.DescendentsWalker`1._VisitNode(DependencyObject d, Boolean visitedViaVisualTree)
   at System.Windows.DescendentsWalker`1.VisitNode(FrameworkElement fe, Boolean visitedViaVisualTree)
   at System.Windows.DescendentsWalker`1.VisitNode(DependencyObject d, Boolean visitedViaVisualTree)
   at System.Windows.DescendentsWalker`1.WalkLogicalChildren(FrameworkElement feParent, FrameworkContentElement fceParent, IEnumerator logicalChildren)
   at System.Windows.DescendentsWalker`1.WalkFrameworkElementLogicalThenVisualChildren(FrameworkElement feParent, Boolean hasLogicalChildren)
   at System.Windows.DescendentsWalker`1.IterateChildren(DependencyObject d)
   at System.Windows.DescendentsWalker`1.StartWalk(DependencyObject startNode, Boolean skipStartNode)
   at System.Windows.FrameworkElement.OnPropertyChanged(DependencyPropertyChangedEventArgs e)
   at System.Windows.DependencyObject.NotifyPropertyChange(DependencyPropertyChangedEventArgs args)
   at System.Windows.DependencyObject.UpdateEffectiveValue(EntryIndex entryIndex, DependencyProperty dp, PropertyMetadata metadata, EffectiveValueEntry oldEntry, EffectiveValueEntry& newEntry, Boolean coerceWithDeferredReference, Boolean coerceWithCurrentValue, OperationType operationType)
   at System.Windows.DependencyObject.SetValueCommon(DependencyProperty dp, Object value, PropertyMetadata metadata, Boolean coerceWithDeferredReference, Boolean coerceWithCurrentValue, OperationType operationType, Boolean isInternal)
   at System.Windows.Controls.ItemContainerGenerator.LinkContainerToItem(DependencyObject container, Object item)
   at System.Windows.Controls.ItemContainerGenerator.OnItemReplaced(Object oldItem, Object newItem, Int32 index, NotifyCollectionChangedEventArgs collectionChangedArgs)
   at System.Windows.Controls.ItemContainerGenerator.OnCollectionChanged(Object sender, NotifyCollectionChangedEventArgs args)
   at System.Windows.WeakEventManager.ListenerList`1.DeliverEvent(Object sender, EventArgs e, Type managerType)
   at System.Windows.WeakEventManager.DeliverEvent(Object sender, EventArgs args)
   at System.Collections.Specialized.CollectionChangedEventManager.OnCollectionChanged(Object sender, NotifyCollectionChangedEventArgs args)
   at System.Collections.Specialized.NotifyCollectionChangedEventHandler.Invoke(Object sender, NotifyCollectionChangedEventArgs e)
   at System.Windows.Data.CollectionView.OnCollectionChanged(NotifyCollectionChangedEventArgs args)
   at System.Windows.Controls.ItemCollection.OnViewCollectionChanged(Object sender, NotifyCollectionChangedEventArgs e)
   at System.Windows.WeakEventManager.ListenerList`1.DeliverEvent(Object sender, EventArgs e, Type managerType)
   at System.Windows.WeakEventManager.DeliverEvent(Object sender, EventArgs args)
   at System.Collections.Specialized.CollectionChangedEventManager.OnCollectionChanged(Object sender, NotifyCollectionChangedEventArgs args)
   at System.Windows.Data.CollectionView.OnCollectionChanged(NotifyCollectionChangedEventArgs args)
   at System.Windows.Data.ListCollectionView.ProcessCollectionChangedWithAdjustedIndex(NotifyCollectionChangedEventArgs args, Int32 adjustedOldIndex, Int32 adjustedNewIndex)
   at System.Windows.Data.ListCollectionView.ProcessCollectionChanged(NotifyCollectionChangedEventArgs args)
   at System.Windows.Data.CollectionView.OnCollectionChanged(Object sender, NotifyCollectionChangedEventArgs args)
   at System.Windows.Controls.MultipleCopiesCollection.OnCollectionChanged(NotifyCollectionChangedEventArgs e)
   at System.Windows.Controls.MultipleCopiesCollection.set_CopiedItem(Object value)
   at System.Windows.Controls.Primitives.DataGridCellsPresenter.OnItemChanged(Object oldItem, Object newItem)
   at System.Windows.Controls.DataGridRow.OnItemChanged(Object oldItem, Object newItem)
   at System.Windows.Controls.DataGridRow.NotifyPropertyChanged(DependencyObject d, String propertyName, DependencyPropertyChangedEventArgs e, DataGridNotificationTarget target)
   at System.Windows.Controls.DataGridRow.OnNotifyRowPropertyChanged(DependencyObject d, DependencyPropertyChangedEventArgs e)
   at System.Windows.DependencyObject.OnPropertyChanged(DependencyPropertyChangedEventArgs e)
   at System.Windows.FrameworkElement.OnPropertyChanged(DependencyPropertyChangedEventArgs e)
   at System.Windows.Controls.DataGridRow.OnPropertyChanged(DependencyPropertyChangedEventArgs e)
   at System.Windows.DependencyObject.NotifyPropertyChange(DependencyPropertyChangedEventArgs args)
   at System.Windows.DependencyObject.UpdateEffectiveValue(EntryIndex entryIndex, DependencyProperty dp, PropertyMetadata metadata, EffectiveValueEntry oldEntry, EffectiveValueEntry& newEntry, Boolean coerceWithDeferredReference, Boolean coerceWithCurrentValue, OperationType operationType)
   at System.Windows.DependencyObject.SetValueCommon(DependencyProperty dp, Object value, PropertyMetadata metadata, Boolean coerceWithDeferredReference, Boolean coerceWithCurrentValue, OperationType operationType, Boolean isInternal)
   at System.Windows.DependencyObject.SetValue(DependencyProperty dp, Object value)
   at System.Windows.Controls.DataGridRow.PrepareRow(Object item, DataGrid owningDataGrid)
   at System.Windows.Controls.DataGrid.PrepareContainerForItemOverride(DependencyObject element, Object item)
   at System.Windows.Controls.ItemsControl.MS.Internal.Controls.IGeneratorHost.PrepareItemContainer(DependencyObject container, Object item)
   at System.Windows.Controls.ItemContainerGenerator.System.Windows.Controls.Primitives.IItemContainerGenerator.PrepareItemContainer(DependencyObject container)
   at System.Windows.Controls.VirtualizingStackPanel.InsertContainer(Int32 childIndex, UIElement container, Boolean isRecycled)
   at System.Windows.Controls.VirtualizingStackPanel.AddContainerFromGenerator(Int32 childIndex, UIElement child, Boolean newlyRealized, Boolean isBeforeViewport)
   at System.Windows.Controls.VirtualizingStackPanel.MeasureChild(IItemContainerGenerator& generator, IContainItemStorage& itemStorageProvider, IContainItemStorage& parentItemStorageProvider, Object& parentItem, Boolean& hasUniformOrAverageContainerSizeBeenSet, Double& computedUniformOrAverageContainerSize, Double& computedUniformOrAverageContainerPixelSize, Boolean& computedAreContainersUniformlySized, Boolean& hasAnyContainerSpanChanged, IList& items, Object& item, IList& children, Int32& childIndex, Boolean& visualOrderChanged, Boolean& isHorizontal, Size& childConstraint, Rect& viewport, VirtualizationCacheLength& cacheSize, VirtualizationCacheLengthUnit& cacheUnit, Int64& scrollGeneration, Boolean& foundFirstItemInViewport, Double& firstItemInViewportOffset, Size& stackPixelSize, Size& stackPixelSizeInViewport, Size& stackPixelSizeInCacheBeforeViewport, Size& stackPixelSizeInCacheAfterViewport, Size& stackLogicalSize, Size& stackLogicalSizeInViewport, Size& stackLogicalSizeInCacheBeforeViewport, Size& stackLogicalSizeInCacheAfterViewport, Boolean& mustDisableVirtualization, Boolean isBeforeFirstItem, Boolean isAfterFirstItem, Boolean isAfterLastItem, Boolean skipActualMeasure, Boolean skipGeneration, Boolean isAncestorLookingForFirstItem, Boolean& hasBringIntoViewContainerBeenMeasured, Boolean& hasVirtualizingChildren)
   at System.Windows.Controls.VirtualizingStackPanel.MeasureOverrideImpl(Size constraint, Nullable`1& lastPageSafeOffset, List`1& previouslyMeasuredOffsets, Nullable`1& lastPagePixelSize, Boolean remeasure)
   at System.Windows.Controls.VirtualizingStackPanel.MeasureOverride(Size constraint)
   at System.Windows.Controls.Primitives.DataGridRowsPresenter.MeasureOverride(Size constraint)
   at System.Windows.FrameworkElement.MeasureCore(Size availableSize)
   at System.Windows.UIElement.Measure(Size availableSize)
   at MS.Internal.Helper.MeasureElementWithSingleChild(UIElement element, Size constraint)
   at System.Windows.Controls.ItemsPresenter.MeasureOverride(Size constraint)
   at System.Windows.FrameworkElement.MeasureCore(Size availableSize)
   at System.Windows.UIElement.Measure(Size availableSize)
   at MS.Internal.Helper.MeasureElementWithSingleChild(UIElement element, Size constraint)
   at System.Windows.Controls.ScrollContentPresenter.MeasureOverride(Size constraint)
   at System.Windows.FrameworkElement.MeasureCore(Size availableSize)
   at System.Windows.UIElement.Measure(Size availableSize)
   at System.Windows.Controls.Grid.MeasureCell(Int32 cell, Boolean forceInfinityV)
   at System.Windows.Controls.Grid.MeasureCellsGroup(Int32 cellsHead, Size referenceSize, Boolean ignoreDesiredSizeU, Boolean forceInfinityV, Boolean& hasDesiredSizeUChanged)
   at System.Windows.Controls.Grid.MeasureCellsGroup(Int32 cellsHead, Size referenceSize, Boolean ignoreDesiredSizeU, Boolean forceInfinityV)
   at System.Windows.Controls.Grid.MeasureOverride(Size constraint)
   at System.Windows.FrameworkElement.MeasureCore(Size availableSize)
   at System.Windows.UIElement.Measure(Size availableSize)
   at System.Windows.Controls.ScrollViewer.MeasureOverride(Size constraint)
   at System.Windows.FrameworkElement.MeasureCore(Size availableSize)
   at System.Windows.UIElement.Measure(Size availableSize)
   at System.Windows.Controls.Border.MeasureOverride(Size constraint)
   at System.Windows.FrameworkElement.MeasureCore(Size availableSize)
   at System.Windows.UIElement.Measure(Size availableSize)
   at System.Windows.Controls.Control.MeasureOverride(Size constraint)
   at System.Windows.Controls.DataGrid.MeasureOverride(Size availableSize)
   at System.Windows.FrameworkElement.MeasureCore(Size availableSize)
   at System.Windows.UIElement.Measure(Size availableSize)
   at System.Windows.Controls.DockPanel.MeasureOverride(Size constraint)
   at System.Windows.FrameworkElement.MeasureCore(Size availableSize)
   at System.Windows.UIElement.Measure(Size availableSize)
   at MS.Internal.Helper.MeasureElementWithSingleChild(UIElement element, Size constraint)
   at System.Windows.Controls.ContentPresenter.MeasureOverride(Size constraint)
   at System.Windows.FrameworkElement.MeasureCore(Size availableSize)
   at System.Windows.UIElement.Measure(Size availableSize)
   at System.Windows.Documents.AdornerDecorator.MeasureOverride(Size constraint)
   at System.Windows.FrameworkElement.MeasureCore(Size availableSize)
   at System.Windows.UIElement.Measure(Size availableSize)
   at System.Windows.Controls.Border.MeasureOverride(Size constraint)
   at System.Windows.FrameworkElement.MeasureCore(Size availableSize)
   at System.Windows.UIElement.Measure(Size availableSize)
   at System.Windows.Window.MeasureOverrideHelper(Size constraint)
   at System.Windows.Window.MeasureOverride(Size availableSize)
   at System.Windows.FrameworkElement.MeasureCore(Size availableSize)
   at System.Windows.UIElement.Measure(Size availableSize)
   at System.Windows.ContextLayoutManager.UpdateLayout()
   at System.Windows.ContextLayoutManager.UpdateLayoutCallback(Object arg)
   at System.Windows.Media.MediaContext.InvokeOnRenderCallback.DoWork()
   at System.Windows.Media.MediaContext.FireInvokeOnRenderCallbacks()
   at System.Windows.Media.MediaContext.RenderMessageHandlerCore(Object resizedCompositionTarget)
   at System.Windows.Media.MediaContext.RenderMessageHandler(Object resizedCompositionTarget)
   at System.Windows.Media.MediaContext.Resize(ICompositionTarget resizedCompositionTarget)
   at System.Windows.Interop.HwndTarget.OnResize()
   at System.Windows.Interop.HwndTarget.HandleMessage(WindowMessage msg, IntPtr wparam, IntPtr lparam)
   at System.Windows.Interop.HwndSource.HwndTargetFilterMessage(IntPtr hwnd, Int32 msg, IntPtr wParam, IntPtr lParam, Boolean& handled)
   at MS.Win32.HwndWrapper.WndProc(IntPtr hwnd, Int32 msg, IntPtr wParam, IntPtr lParam, Boolean& handled)
   at MS.Win32.HwndSubclass.DispatcherCallbackOperation(Object o)
   at System.Windows.Threading.ExceptionWrapper.InternalRealCall(Delegate callback, Object args, Int32 numArgs)
   at System.Windows.Threading.ExceptionWrapper.TryCatchWhen(Object source, Delegate callback, Object args, Int32 numArgs, Delegate catchHandler)

[2026-08-13T14:40:33] (Dispatcher)
System.InvalidOperationException: A TwoWay or OneWayToSource binding cannot work on the read-only property 'OriginalDisplay' of type 'Lycoris.TransRow'.
   at MS.Internal.Data.PropertyPathWorker.CheckReadOnly(Object item, Object info)
   at MS.Internal.Data.PropertyPathWorker.ReplaceItem(Int32 k, Object newO, Object parent)
   at MS.Internal.Data.PropertyPathWorker.UpdateSourceValueState(Int32 k, ICollectionView collectionView, Object newValue, Boolean isASubPropertyChange)
   at MS.Internal.Data.ClrBindingWorker.AttachDataItem()
   at System.Windows.Data.BindingExpression.Activate(Object item)
   at System.Windows.Data.BindingExpression.OnDataContextChanged(DependencyObject contextElement)
   at System.Windows.Data.BindingExpression.HandlePropertyInvalidation(DependencyObject d, DependencyPropertyChangedEventArgs args)
   at System.Windows.Data.BindingExpressionBase.OnPropertyInvalidation(DependencyObject d, DependencyPropertyChangedEventArgs args)
   at System.Windows.Data.BindingExpression.OnPropertyInvalidation(DependencyObject d, DependencyPropertyChangedEventArgs args)
   at System.Windows.DependentList.InvalidateDependents(DependencyObject source, DependencyPropertyChangedEventArgs sourceArgs)
   at System.Windows.DependencyObject.NotifyPropertyChange(DependencyPropertyChangedEventArgs args)
   at System.Windows.DependencyObject.UpdateEffectiveValue(EntryIndex entryIndex, DependencyProperty dp, PropertyMetadata metadata, EffectiveValueEntry oldEntry, EffectiveValueEntry& newEntry, Boolean coerceWithDeferredReference, Boolean coerceWithCurrentValue, OperationType operationType)
   at System.Windows.TreeWalkHelper.OnInheritablePropertyChanged(DependencyObject d, InheritablePropertyChangeInfo info, Boolean visitedViaVisualTree)
   at System.Windows.DescendentsWalker`1._VisitNode(DependencyObject d, Boolean visitedViaVisualTree)
   at System.Windows.DescendentsWalker`1.VisitNode(FrameworkElement fe, Boolean visitedViaVisualTree)
   at System.Windows.DescendentsWalker`1.VisitNode(DependencyObject d, Boolean visitedViaVisualTree)
   at System.Windows.DescendentsWalker`1.WalkLogicalChildren(FrameworkElement feParent, FrameworkContentElement fceParent, IEnumerator logicalChildren)
   at System.Windows.DescendentsWalker`1.WalkFrameworkElementLogicalThenVisualChildren(FrameworkElement feParent, Boolean hasLogicalChildren)
   at System.Windows.DescendentsWalker`1.IterateChildren(DependencyObject d)
   at System.Windows.DescendentsWalker`1.StartWalk(DependencyObject startNode, Boolean skipStartNode)
   at System.Windows.FrameworkElement.OnPropertyChanged(DependencyPropertyChangedEventArgs e)
   at System.Windows.DependencyObject.NotifyPropertyChange(DependencyPropertyChangedEventArgs args)
   at System.Windows.DependencyObject.UpdateEffectiveValue(EntryIndex entryIndex, DependencyProperty dp, PropertyMetadata metadata, EffectiveValueEntry oldEntry, EffectiveValueEntry& newEntry, Boolean coerceWithDeferredReference, Boolean coerceWithCurrentValue, OperationType operationType)
   at System.Windows.DependencyObject.SetValueCommon(DependencyProperty dp, Object value, PropertyMetadata metadata, Boolean coerceWithDeferredReference, Boolean coerceWithCurrentValue, OperationType operationType, Boolean isInternal)
   at System.Windows.Controls.ItemContainerGenerator.LinkContainerToItem(DependencyObject container, Object item)
   at System.Windows.Controls.ItemContainerGenerator.OnItemReplaced(Object oldItem, Object newItem, Int32 index, NotifyCollectionChangedEventArgs collectionChangedArgs)
   at System.Windows.Controls.ItemContainerGenerator.OnCollectionChanged(Object sender, NotifyCollectionChangedEventArgs args)
   at System.Windows.WeakEventManager.ListenerList`1.DeliverEvent(Object sender, EventArgs e, Type managerType)
   at System.Windows.WeakEventManager.DeliverEvent(Object sender, EventArgs args)
   at System.Collections.Specialized.CollectionChangedEventManager.OnCollectionChanged(Object sender, NotifyCollectionChangedEventArgs args)
   at System.Collections.Specialized.NotifyCollectionChangedEventHandler.Invoke(Object sender, NotifyCollectionChangedEventArgs e)
   at System.Windows.Data.CollectionView.OnCollectionChanged(NotifyCollectionChangedEventArgs args)
   at System.Windows.Controls.ItemCollection.OnViewCollectionChanged(Object sender, NotifyCollectionChangedEventArgs e)
   at System.Windows.WeakEventManager.ListenerList`1.DeliverEvent(Object sender, EventArgs e, Type managerType)
   at System.Windows.WeakEventManager.DeliverEvent(Object sender, EventArgs args)
   at System.Collections.Specialized.CollectionChangedEventManager.OnCollectionChanged(Object sender, NotifyCollectionChangedEventArgs args)
   at System.Windows.Data.CollectionView.OnCollectionChanged(NotifyCollectionChangedEventArgs args)
   at System.Windows.Data.ListCollectionView.ProcessCollectionChangedWithAdjustedIndex(NotifyCollectionChangedEventArgs args, Int32 adjustedOldIndex, Int32 adjustedNewIndex)
   at System.Windows.Data.ListCollectionView.ProcessCollectionChanged(NotifyCollectionChangedEventArgs args)
   at System.Windows.Data.CollectionView.OnCollectionChanged(Object sender, NotifyCollectionChangedEventArgs args)
   at System.Windows.Controls.MultipleCopiesCollection.OnCollectionChanged(NotifyCollectionChangedEventArgs e)
   at System.Windows.Controls.MultipleCopiesCollection.set_CopiedItem(Object value)
   at System.Windows.Controls.Primitives.DataGridCellsPresenter.OnItemChanged(Object oldItem, Object newItem)
   at System.Windows.Controls.DataGridRow.OnItemChanged(Object oldItem, Object newItem)
   at System.Windows.Controls.DataGridRow.NotifyPropertyChanged(DependencyObject d, String propertyName, DependencyPropertyChangedEventArgs e, DataGridNotificationTarget target)
   at System.Windows.Controls.DataGridRow.OnNotifyRowPropertyChanged(DependencyObject d, DependencyPropertyChangedEventArgs e)
   at System.Windows.DependencyObject.OnPropertyChanged(DependencyPropertyChangedEventArgs e)
   at System.Windows.FrameworkElement.OnPropertyChanged(DependencyPropertyChangedEventArgs e)
   at System.Windows.Controls.DataGridRow.OnPropertyChanged(DependencyPropertyChangedEventArgs e)
   at System.Windows.DependencyObject.NotifyPropertyChange(DependencyPropertyChangedEventArgs args)
   at System.Windows.DependencyObject.UpdateEffectiveValue(EntryIndex entryIndex, DependencyProperty dp, PropertyMetadata metadata, EffectiveValueEntry oldEntry, EffectiveValueEntry& newEntry, Boolean coerceWithDeferredReference, Boolean coerceWithCurrentValue, OperationType operationType)
   at System.Windows.DependencyObject.SetValueCommon(DependencyProperty dp, Object value, PropertyMetadata metadata, Boolean coerceWithDeferredReference, Boolean coerceWithCurrentValue, OperationType operationType, Boolean isInternal)
   at System.Windows.DependencyObject.SetValue(DependencyProperty dp, Object value)
   at System.Windows.Controls.DataGridRow.PrepareRow(Object item, DataGrid owningDataGrid)
   at System.Windows.Controls.DataGrid.PrepareContainerForItemOverride(DependencyObject element, Object item)
   at System.Windows.Controls.ItemsControl.MS.Internal.Controls.IGeneratorHost.PrepareItemContainer(DependencyObject container, Object item)
   at System.Windows.Controls.ItemContainerGenerator.System.Windows.Controls.Primitives.IItemContainerGenerator.PrepareItemContainer(DependencyObject container)
   at System.Windows.Controls.VirtualizingStackPanel.InsertContainer(Int32 childIndex, UIElement container, Boolean isRecycled)
   at System.Windows.Controls.VirtualizingStackPanel.AddContainerFromGenerator(Int32 childIndex, UIElement child, Boolean newlyRealized, Boolean isBeforeViewport)
   at System.Windows.Controls.VirtualizingStackPanel.MeasureChild(IItemContainerGenerator& generator, IContainItemStorage& itemStorageProvider, IContainItemStorage& parentItemStorageProvider, Object& parentItem, Boolean& hasUniformOrAverageContainerSizeBeenSet, Double& computedUniformOrAverageContainerSize, Double& computedUniformOrAverageContainerPixelSize, Boolean& computedAreContainersUniformlySized, Boolean& hasAnyContainerSpanChanged, IList& items, Object& item, IList& children, Int32& childIndex, Boolean& visualOrderChanged, Boolean& isHorizontal, Size& childConstraint, Rect& viewport, VirtualizationCacheLength& cacheSize, VirtualizationCacheLengthUnit& cacheUnit, Int64& scrollGeneration, Boolean& foundFirstItemInViewport, Double& firstItemInViewportOffset, Size& stackPixelSize, Size& stackPixelSizeInViewport, Size& stackPixelSizeInCacheBeforeViewport, Size& stackPixelSizeInCacheAfterViewport, Size& stackLogicalSize, Size& stackLogicalSizeInViewport, Size& stackLogicalSizeInCacheBeforeViewport, Size& stackLogicalSizeInCacheAfterViewport, Boolean& mustDisableVirtualization, Boolean isBeforeFirstItem, Boolean isAfterFirstItem, Boolean isAfterLastItem, Boolean skipActualMeasure, Boolean skipGeneration, Boolean isAncestorLookingForFirstItem, Boolean& hasBringIntoViewContainerBeenMeasured, Boolean& hasVirtualizingChildren)
   at System.Windows.Controls.VirtualizingStackPanel.MeasureOverrideImpl(Size constraint, Nullable`1& lastPageSafeOffset, List`1& previouslyMeasuredOffsets, Nullable`1& lastPagePixelSize, Boolean remeasure)
   at System.Windows.Controls.VirtualizingStackPanel.MeasureOverride(Size constraint)
   at System.Windows.Controls.Primitives.DataGridRowsPresenter.MeasureOverride(Size constraint)
   at System.Windows.FrameworkElement.MeasureCore(Size availableSize)
   at System.Windows.UIElement.Measure(Size availableSize)
   at System.Windows.ContextLayoutManager.UpdateLayout()
   at System.Windows.ContextLayoutManager.UpdateLayoutCallback(Object arg)
   at System.Windows.Media.MediaContext.InvokeOnRenderCallback.DoWork()
   at System.Windows.Media.MediaContext.FireInvokeOnRenderCallbacks()
   at System.Windows.Media.MediaContext.RenderMessageHandlerCore(Object resizedCompositionTarget)
   at System.Windows.Media.MediaContext.RenderMessageHandler(Object resizedCompositionTarget)
   at System.Windows.Threading.ExceptionWrapper.InternalRealCall(Delegate callback, Object args, Int32 numArgs)
   at System.Windows.Threading.ExceptionWrapper.TryCatchWhen(Object source, Delegate callback, Object args, Int32 numArgs, Delegate catchHandler)

[2026-08-13T14:40:34] (Dispatcher)
System.InvalidOperationException: A TwoWay or OneWayToSource binding cannot work on the read-only property 'OriginalDisplay' of type 'Lycoris.TransRow'.
   at MS.Internal.Data.PropertyPathWorker.CheckReadOnly(Object item, Object info)
   at MS.Internal.Data.PropertyPathWorker.ReplaceItem(Int32 k, Object newO, Object parent)
   at MS.Internal.Data.PropertyPathWorker.UpdateSourceValueState(Int32 k, ICollectionView collectionView, Object newValue, Boolean isASubPropertyChange)
   at MS.Internal.Data.ClrBindingWorker.AttachDataItem()
   at System.Windows.Data.BindingExpression.Activate(Object item)
   at System.Windows.Data.BindingExpression.OnDataContextChanged(DependencyObject contextElement)
   at System.Windows.Data.BindingExpression.HandlePropertyInvalidation(DependencyObject d, DependencyPropertyChangedEventArgs args)
   at System.Windows.Data.BindingExpressionBase.OnPropertyInvalidation(DependencyObject d, DependencyPropertyChangedEventArgs args)
   at System.Windows.Data.BindingExpression.OnPropertyInvalidation(DependencyObject d, DependencyPropertyChangedEventArgs args)
   at System.Windows.DependentList.InvalidateDependents(DependencyObject source, DependencyPropertyChangedEventArgs sourceArgs)
   at System.Windows.DependencyObject.NotifyPropertyChange(DependencyPropertyChangedEventArgs args)
   at System.Windows.DependencyObject.UpdateEffectiveValue(EntryIndex entryIndex, DependencyProperty dp, PropertyMetadata metadata, EffectiveValueEntry oldEntry, EffectiveValueEntry& newEntry, Boolean coerceWithDeferredReference, Boolean coerceWithCurrentValue, OperationType operationType)
   at System.Windows.TreeWalkHelper.OnInheritablePropertyChanged(DependencyObject d, InheritablePropertyChangeInfo info, Boolean visitedViaVisualTree)
   at System.Windows.DescendentsWalker`1._VisitNode(DependencyObject d, Boolean visitedViaVisualTree)
   at System.Windows.DescendentsWalker`1.VisitNode(FrameworkElement fe, Boolean visitedViaVisualTree)
   at System.Windows.DescendentsWalker`1.VisitNode(DependencyObject d, Boolean visitedViaVisualTree)
   at System.Windows.DescendentsWalker`1.WalkLogicalChildren(FrameworkElement feParent, FrameworkContentElement fceParent, IEnumerator logicalChildren)
   at System.Windows.DescendentsWalker`1.WalkFrameworkElementLogicalThenVisualChildren(FrameworkElement feParent, Boolean hasLogicalChildren)
   at System.Windows.DescendentsWalker`1.IterateChildren(DependencyObject d)
   at System.Windows.DescendentsWalker`1.StartWalk(DependencyObject startNode, Boolean skipStartNode)
   at System.Windows.FrameworkElement.OnPropertyChanged(DependencyPropertyChangedEventArgs e)
   at System.Windows.DependencyObject.NotifyPropertyChange(DependencyPropertyChangedEventArgs args)
   at System.Windows.DependencyObject.UpdateEffectiveValue(EntryIndex entryIndex, DependencyProperty dp, PropertyMetadata metadata, EffectiveValueEntry oldEntry, EffectiveValueEntry& newEntry, Boolean coerceWithDeferredReference, Boolean coerceWithCurrentValue, OperationType operationType)
   at System.Windows.DependencyObject.SetValueCommon(DependencyProperty dp, Object value, PropertyMetadata metadata, Boolean coerceWithDeferredReference, Boolean coerceWithCurrentValue, OperationType operationType, Boolean isInternal)
   at System.Windows.Controls.ItemContainerGenerator.LinkContainerToItem(DependencyObject container, Object item)
   at System.Windows.Controls.ItemContainerGenerator.OnItemReplaced(Object oldItem, Object newItem, Int32 index, NotifyCollectionChangedEventArgs collectionChangedArgs)
   at System.Windows.Controls.ItemContainerGenerator.OnCollectionChanged(Object sender, NotifyCollectionChangedEventArgs args)
   at System.Windows.WeakEventManager.ListenerList`1.DeliverEvent(Object sender, EventArgs e, Type managerType)
   at System.Windows.WeakEventManager.DeliverEvent(Object sender, EventArgs args)
   at System.Collections.Specialized.CollectionChangedEventManager.OnCollectionChanged(Object sender, NotifyCollectionChangedEventArgs args)
   at System.Collections.Specialized.NotifyCollectionChangedEventHandler.Invoke(Object sender, NotifyCollectionChangedEventArgs e)
   at System.Windows.Data.CollectionView.OnCollectionChanged(NotifyCollectionChangedEventArgs args)
   at System.Windows.Controls.ItemCollection.OnViewCollectionChanged(Object sender, NotifyCollectionChangedEventArgs e)
   at System.Windows.WeakEventManager.ListenerList`1.DeliverEvent(Object sender, EventArgs e, Type managerType)
   at System.Windows.WeakEventManager.DeliverEvent(Object sender, EventArgs args)
   at System.Collections.Specialized.CollectionChangedEventManager.OnCollectionChanged(Object sender, NotifyCollectionChangedEventArgs args)
   at System.Windows.Data.CollectionView.OnCollectionChanged(NotifyCollectionChangedEventArgs args)
   at System.Windows.Data.ListCollectionView.ProcessCollectionChangedWithAdjustedIndex(NotifyCollectionChangedEventArgs args, Int32 adjustedOldIndex, Int32 adjustedNewIndex)
   at System.Windows.Data.ListCollectionView.ProcessCollectionChanged(NotifyCollectionChangedEventArgs args)
   at System.Windows.Data.CollectionView.OnCollectionChanged(Object sender, NotifyCollectionChangedEventArgs args)
   at System.Windows.Controls.MultipleCopiesCollection.OnCollectionChanged(NotifyCollectionChangedEventArgs e)
   at System.Windows.Controls.MultipleCopiesCollection.set_CopiedItem(Object value)
   at System.Windows.Controls.Primitives.DataGridCellsPresenter.OnItemChanged(Object oldItem, Object newItem)
   at System.Windows.Controls.DataGridRow.OnItemChanged(Object oldItem, Object newItem)
   at System.Windows.Controls.DataGridRow.NotifyPropertyChanged(DependencyObject d, String propertyName, DependencyPropertyChangedEventArgs e, DataGridNotificationTarget target)
   at System.Windows.Controls.DataGridRow.OnNotifyRowPropertyChanged(DependencyObject d, DependencyPropertyChangedEventArgs e)
   at System.Windows.DependencyObject.OnPropertyChanged(DependencyPropertyChangedEventArgs e)
   at System.Windows.FrameworkElement.OnPropertyChanged(DependencyPropertyChangedEventArgs e)
   at System.Windows.Controls.DataGridRow.OnPropertyChanged(DependencyPropertyChangedEventArgs e)
   at System.Windows.DependencyObject.NotifyPropertyChange(DependencyPropertyChangedEventArgs args)
   at System.Windows.DependencyObject.UpdateEffectiveValue(EntryIndex entryIndex, DependencyProperty dp, PropertyMetadata metadata, EffectiveValueEntry oldEntry, EffectiveValueEntry& newEntry, Boolean coerceWithDeferredReference, Boolean coerceWithCurrentValue, OperationType operationType)
   at System.Windows.DependencyObject.SetValueCommon(DependencyProperty dp, Object value, PropertyMetadata metadata, Boolean coerceWithDeferredReference, Boolean coerceWithCurrentValue, OperationType operationType, Boolean isInternal)
   at System.Windows.DependencyObject.SetValue(DependencyProperty dp, Object value)
   at System.Windows.Controls.DataGridRow.PrepareRow(Object item, DataGrid owningDataGrid)
   at System.Windows.Controls.DataGrid.PrepareContainerForItemOverride(DependencyObject element, Object item)
   at System.Windows.Controls.ItemsControl.MS.Internal.Controls.IGeneratorHost.PrepareItemContainer(DependencyObject container, Object item)
   at System.Windows.Controls.ItemContainerGenerator.System.Windows.Controls.Primitives.IItemContainerGenerator.PrepareItemContainer(DependencyObject container)
   at System.Windows.Controls.VirtualizingStackPanel.InsertContainer(Int32 childIndex, UIElement container, Boolean isRecycled)
   at System.Windows.Controls.VirtualizingStackPanel.AddContainerFromGenerator(Int32 childIndex, UIElement child, Boolean newlyRealized, Boolean isBeforeViewport)
   at System.Windows.Controls.VirtualizingStackPanel.MeasureChild(IItemContainerGenerator& generator, IContainItemStorage& itemStorageProvider, IContainItemStorage& parentItemStorageProvider, Object& parentItem, Boolean& hasUniformOrAverageContainerSizeBeenSet, Double& computedUniformOrAverageContainerSize, Double& computedUniformOrAverageContainerPixelSize, Boolean& computedAreContainersUniformlySized, Boolean& hasAnyContainerSpanChanged, IList& items, Object& item, IList& children, Int32& childIndex, Boolean& visualOrderChanged, Boolean& isHorizontal, Size& childConstraint, Rect& viewport, VirtualizationCacheLength& cacheSize, VirtualizationCacheLengthUnit& cacheUnit, Int64& scrollGeneration, Boolean& foundFirstItemInViewport, Double& firstItemInViewportOffset, Size& stackPixelSize, Size& stackPixelSizeInViewport, Size& stackPixelSizeInCacheBeforeViewport, Size& stackPixelSizeInCacheAfterViewport, Size& stackLogicalSize, Size& stackLogicalSizeInViewport, Size& stackLogicalSizeInCacheBeforeViewport, Size& stackLogicalSizeInCacheAfterViewport, Boolean& mustDisableVirtualization, Boolean isBeforeFirstItem, Boolean isAfterFirstItem, Boolean isAfterLastItem, Boolean skipActualMeasure, Boolean skipGeneration, Boolean isAncestorLookingForFirstItem, Boolean& hasBringIntoViewContainerBeenMeasured, Boolean& hasVirtualizingChildren)
   at System.Windows.Controls.VirtualizingStackPanel.MeasureOverrideImpl(Size constraint, Nullable`1& lastPageSafeOffset, List`1& previouslyMeasuredOffsets, Nullable`1& lastPagePixelSize, Boolean remeasure)
   at System.Windows.Controls.VirtualizingStackPanel.MeasureOverride(Size constraint)
   at System.Windows.Controls.Primitives.DataGridRowsPresenter.MeasureOverride(Size constraint)
   at System.Windows.FrameworkElement.MeasureCore(Size availableSize)
   at System.Windows.UIElement.Measure(Size availableSize)
   at System.Windows.ContextLayoutManager.UpdateLayout()
   at System.Windows.UIElement.UpdateLayout()
   at System.Windows.Controls.VirtualizingStackPanel.<>c__DisplayClass98_0.<InitializeViewport>b__0()
   at System.Windows.Threading.ExceptionWrapper.InternalRealCall(Delegate callback, Object args, Int32 numArgs)
   at System.Windows.Threading.ExceptionWrapper.TryCatchWhen(Object source, Delegate callback, Object args, Int32 numArgs, Delegate catchHandler)

[2026-08-13T14:40:39] (Dispatcher)
System.InvalidOperationException: A TwoWay or OneWayToSource binding cannot work on the read-only property 'OriginalDisplay' of type 'Lycoris.TransRow'.
   at MS.Internal.Data.PropertyPathWorker.CheckReadOnly(Object item, Object info)
   at MS.Internal.Data.PropertyPathWorker.ReplaceItem(Int32 k, Object newO, Object parent)
   at MS.Internal.Data.PropertyPathWorker.UpdateSourceValueState(Int32 k, ICollectionView collectionView, Object newValue, Boolean isASubPropertyChange)
   at MS.Internal.Data.ClrBindingWorker.AttachDataItem()
   at System.Windows.Data.BindingExpression.Activate(Object item)
   at System.Windows.Data.BindingExpression.OnDataContextChanged(DependencyObject contextElement)
   at System.Windows.Data.BindingExpression.HandlePropertyInvalidation(DependencyObject d, DependencyPropertyChangedEventArgs args)
   at System.Windows.Data.BindingExpressionBase.OnPropertyInvalidation(DependencyObject d, DependencyPropertyChangedEventArgs args)
   at System.Windows.Data.BindingExpression.OnPropertyInvalidation(DependencyObject d, DependencyPropertyChangedEventArgs args)
   at System.Windows.DependentList.InvalidateDependents(DependencyObject source, DependencyPropertyChangedEventArgs sourceArgs)
   at System.Windows.DependencyObject.NotifyPropertyChange(DependencyPropertyChangedEventArgs args)
   at System.Windows.DependencyObject.UpdateEffectiveValue(EntryIndex entryIndex, DependencyProperty dp, PropertyMetadata metadata, EffectiveValueEntry oldEntry, EffectiveValueEntry& newEntry, Boolean coerceWithDeferredReference, Boolean coerceWithCurrentValue, OperationType operationType)
   at System.Windows.TreeWalkHelper.OnInheritablePropertyChanged(DependencyObject d, InheritablePropertyChangeInfo info, Boolean visitedViaVisualTree)
   at System.Windows.DescendentsWalker`1._VisitNode(DependencyObject d, Boolean visitedViaVisualTree)
   at System.Windows.DescendentsWalker`1.VisitNode(FrameworkElement fe, Boolean visitedViaVisualTree)
   at System.Windows.DescendentsWalker`1.VisitNode(DependencyObject d, Boolean visitedViaVisualTree)
   at System.Windows.DescendentsWalker`1.WalkLogicalChildren(FrameworkElement feParent, FrameworkContentElement fceParent, IEnumerator logicalChildren)
   at System.Windows.DescendentsWalker`1.WalkFrameworkElementLogicalThenVisualChildren(FrameworkElement feParent, Boolean hasLogicalChildren)
   at System.Windows.DescendentsWalker`1.IterateChildren(DependencyObject d)
   at System.Windows.DescendentsWalker`1.StartWalk(DependencyObject startNode, Boolean skipStartNode)
   at System.Windows.FrameworkElement.OnPropertyChanged(DependencyPropertyChangedEventArgs e)
   at System.Windows.DependencyObject.NotifyPropertyChange(DependencyPropertyChangedEventArgs args)
   at System.Windows.DependencyObject.UpdateEffectiveValue(EntryIndex entryIndex, DependencyProperty dp, PropertyMetadata metadata, EffectiveValueEntry oldEntry, EffectiveValueEntry& newEntry, Boolean coerceWithDeferredReference, Boolean coerceWithCurrentValue, OperationType operationType)
   at System.Windows.DependencyObject.SetValueCommon(DependencyProperty dp, Object value, PropertyMetadata metadata, Boolean coerceWithDeferredReference, Boolean coerceWithCurrentValue, OperationType operationType, Boolean isInternal)
   at System.Windows.Controls.ItemContainerGenerator.LinkContainerToItem(DependencyObject container, Object item)
   at System.Windows.Controls.ItemContainerGenerator.OnItemReplaced(Object oldItem, Object newItem, Int32 index, NotifyCollectionChangedEventArgs collectionChangedArgs)
   at System.Windows.Controls.ItemContainerGenerator.OnCollectionChanged(Object sender, NotifyCollectionChangedEventArgs args)
   at System.Windows.WeakEventManager.ListenerList`1.DeliverEvent(Object sender, EventArgs e, Type managerType)
   at System.Windows.WeakEventManager.DeliverEvent(Object sender, EventArgs args)
   at System.Collections.Specialized.CollectionChangedEventManager.OnCollectionChanged(Object sender, NotifyCollectionChangedEventArgs args)
   at System.Collections.Specialized.NotifyCollectionChangedEventHandler.Invoke(Object sender, NotifyCollectionChangedEventArgs e)
   at System.Windows.Data.CollectionView.OnCollectionChanged(NotifyCollectionChangedEventArgs args)
   at System.Windows.Controls.ItemCollection.OnViewCollectionChanged(Object sender, NotifyCollectionChangedEventArgs e)
   at System.Windows.WeakEventManager.ListenerList`1.DeliverEvent(Object sender, EventArgs e, Type managerType)
   at System.Windows.WeakEventManager.DeliverEvent(Object sender, EventArgs args)
   at System.Collections.Specialized.CollectionChangedEventManager.OnCollectionChanged(Object sender, NotifyCollectionChangedEventArgs args)
   at System.Windows.Data.CollectionView.OnCollectionChanged(NotifyCollectionChangedEventArgs args)
   at System.Windows.Data.ListCollectionView.ProcessCollectionChangedWithAdjustedIndex(NotifyCollectionChangedEventArgs args, Int32 adjustedOldIndex, Int32 adjustedNewIndex)
   at System.Windows.Data.ListCollectionView.ProcessCollectionChanged(NotifyCollectionChangedEventArgs args)
   at System.Windows.Data.CollectionView.OnCollectionChanged(Object sender, NotifyCollectionChangedEventArgs args)
   at System.Windows.Controls.MultipleCopiesCollection.OnCollectionChanged(NotifyCollectionChangedEventArgs e)
   at System.Windows.Controls.MultipleCopiesCollection.set_CopiedItem(Object value)
   at System.Windows.Controls.Primitives.DataGridCellsPresenter.OnItemChanged(Object oldItem, Object newItem)
   at System.Windows.Controls.DataGridRow.OnItemChanged(Object oldItem, Object newItem)
   at System.Windows.Controls.DataGridRow.NotifyPropertyChanged(DependencyObject d, String propertyName, DependencyPropertyChangedEventArgs e, DataGridNotificationTarget target)
   at System.Windows.Controls.DataGridRow.OnNotifyRowPropertyChanged(DependencyObject d, DependencyPropertyChangedEventArgs e)
   at System.Windows.DependencyObject.OnPropertyChanged(DependencyPropertyChangedEventArgs e)
   at System.Windows.FrameworkElement.OnPropertyChanged(DependencyPropertyChangedEventArgs e)
   at System.Windows.Controls.DataGridRow.OnPropertyChanged(DependencyPropertyChangedEventArgs e)
   at System.Windows.DependencyObject.NotifyPropertyChange(DependencyPropertyChangedEventArgs args)
   at System.Windows.DependencyObject.UpdateEffectiveValue(EntryIndex entryIndex, DependencyProperty dp, PropertyMetadata metadata, EffectiveValueEntry oldEntry, EffectiveValueEntry& newEntry, Boolean coerceWithDeferredReference, Boolean coerceWithCurrentValue, OperationType operationType)
   at System.Windows.DependencyObject.SetValueCommon(DependencyProperty dp, Object value, PropertyMetadata metadata, Boolean coerceWithDeferredReference, Boolean coerceWithCurrentValue, OperationType operationType, Boolean isInternal)
   at System.Windows.DependencyObject.SetValue(DependencyProperty dp, Object value)
   at System.Windows.Controls.DataGridRow.PrepareRow(Object item, DataGrid owningDataGrid)
   at System.Windows.Controls.DataGrid.PrepareContainerForItemOverride(DependencyObject element, Object item)
   at System.Windows.Controls.ItemsControl.MS.Internal.Controls.IGeneratorHost.PrepareItemContainer(DependencyObject container, Object item)
   at System.Windows.Controls.ItemContainerGenerator.System.Windows.Controls.Primitives.IItemContainerGenerator.PrepareItemContainer(DependencyObject container)
   at System.Windows.Controls.VirtualizingStackPanel.InsertContainer(Int32 childIndex, UIElement container, Boolean isRecycled)
   at System.Windows.Controls.VirtualizingStackPanel.AddContainerFromGenerator(Int32 childIndex, UIElement child, Boolean newlyRealized, Boolean isBeforeViewport)
   at System.Windows.Controls.VirtualizingStackPanel.MeasureChild(IItemContainerGenerator& generator, IContainItemStorage& itemStorageProvider, IContainItemStorage& parentItemStorageProvider, Object& parentItem, Boolean& hasUniformOrAverageContainerSizeBeenSet, Double& computedUniformOrAverageContainerSize, Double& computedUniformOrAverageContainerPixelSize, Boolean& computedAreContainersUniformlySized, Boolean& hasAnyContainerSpanChanged, IList& items, Object& item, IList& children, Int32& childIndex, Boolean& visualOrderChanged, Boolean& isHorizontal, Size& childConstraint, Rect& viewport, VirtualizationCacheLength& cacheSize, VirtualizationCacheLengthUnit& cacheUnit, Int64& scrollGeneration, Boolean& foundFirstItemInViewport, Double& firstItemInViewportOffset, Size& stackPixelSize, Size& stackPixelSizeInViewport, Size& stackPixelSizeInCacheBeforeViewport, Size& stackPixelSizeInCacheAfterViewport, Size& stackLogicalSize, Size& stackLogicalSizeInViewport, Size& stackLogicalSizeInCacheBeforeViewport, Size& stackLogicalSizeInCacheAfterViewport, Boolean& mustDisableVirtualization, Boolean isBeforeFirstItem, Boolean isAfterFirstItem, Boolean isAfterLastItem, Boolean skipActualMeasure, Boolean skipGeneration, Boolean isAncestorLookingForFirstItem, Boolean& hasBringIntoViewContainerBeenMeasured, Boolean& hasVirtualizingChildren)
   at System.Windows.Controls.VirtualizingStackPanel.MeasureOverrideImpl(Size constraint, Nullable`1& lastPageSafeOffset, List`1& previouslyMeasuredOffsets, Nullable`1& lastPagePixelSize, Boolean remeasure)
   at System.Windows.Controls.VirtualizingStackPanel.MeasureOverride(Size constraint)
   at System.Windows.Controls.Primitives.DataGridRowsPresenter.MeasureOverride(Size constraint)
   at System.Windows.FrameworkElement.MeasureCore(Size availableSize)
   at System.Windows.UIElement.Measure(Size availableSize)
   at System.Windows.ContextLayoutManager.UpdateLayout()
   at System.Windows.ContextLayoutManager.UpdateLayoutCallback(Object arg)
   at System.Windows.Media.MediaContext.InvokeOnRenderCallback.DoWork()
   at System.Windows.Media.MediaContext.FireInvokeOnRenderCallbacks()
   at System.Windows.Media.MediaContext.RenderMessageHandlerCore(Object resizedCompositionTarget)
   at System.Windows.Media.MediaContext.RenderMessageHandler(Object resizedCompositionTarget)
   at System.Windows.Threading.ExceptionWrapper.InternalRealCall(Delegate callback, Object args, Int32 numArgs)
   at System.Windows.Threading.ExceptionWrapper.TryCatchWhen(Object source, Delegate callback, Object args, Int32 numArgs, Delegate catchHandler)

[2026-08-13T14:40:39] (Dispatcher)
System.InvalidOperationException: A TwoWay or OneWayToSource binding cannot work on the read-only property 'OriginalDisplay' of type 'Lycoris.TransRow'.
   at MS.Internal.Data.PropertyPathWorker.CheckReadOnly(Object item, Object info)
   at MS.Internal.Data.PropertyPathWorker.ReplaceItem(Int32 k, Object newO, Object parent)
   at MS.Internal.Data.PropertyPathWorker.UpdateSourceValueState(Int32 k, ICollectionView collectionView, Object newValue, Boolean isASubPropertyChange)
   at MS.Internal.Data.ClrBindingWorker.AttachDataItem()
   at System.Windows.Data.BindingExpression.Activate(Object item)
   at System.Windows.Data.BindingExpression.OnDataContextChanged(DependencyObject contextElement)
   at System.Windows.Data.BindingExpression.HandlePropertyInvalidation(DependencyObject d, DependencyPropertyChangedEventArgs args)
   at System.Windows.Data.BindingExpressionBase.OnPropertyInvalidation(DependencyObject d, DependencyPropertyChangedEventArgs args)
   at System.Windows.Data.BindingExpression.OnPropertyInvalidation(DependencyObject d, DependencyPropertyChangedEventArgs args)
   at System.Windows.DependentList.InvalidateDependents(DependencyObject source, DependencyPropertyChangedEventArgs sourceArgs)
   at System.Windows.DependencyObject.NotifyPropertyChange(DependencyPropertyChangedEventArgs args)
   at System.Windows.DependencyObject.UpdateEffectiveValue(EntryIndex entryIndex, DependencyProperty dp, PropertyMetadata metadata, EffectiveValueEntry oldEntry, EffectiveValueEntry& newEntry, Boolean coerceWithDeferredReference, Boolean coerceWithCurrentValue, OperationType operationType)
   at System.Windows.TreeWalkHelper.OnInheritablePropertyChanged(DependencyObject d, InheritablePropertyChangeInfo info, Boolean visitedViaVisualTree)
   at System.Windows.DescendentsWalker`1._VisitNode(DependencyObject d, Boolean visitedViaVisualTree)
   at System.Windows.DescendentsWalker`1.VisitNode(FrameworkElement fe, Boolean visitedViaVisualTree)
   at System.Windows.DescendentsWalker`1.VisitNode(DependencyObject d, Boolean visitedViaVisualTree)
   at System.Windows.DescendentsWalker`1.WalkLogicalChildren(FrameworkElement feParent, FrameworkContentElement fceParent, IEnumerator logicalChildren)
   at System.Windows.DescendentsWalker`1.WalkFrameworkElementLogicalThenVisualChildren(FrameworkElement feParent, Boolean hasLogicalChildren)
   at System.Windows.DescendentsWalker`1.IterateChildren(DependencyObject d)
   at System.Windows.DescendentsWalker`1.StartWalk(DependencyObject startNode, Boolean skipStartNode)
   at System.Windows.FrameworkElement.OnPropertyChanged(DependencyPropertyChangedEventArgs e)
   at System.Windows.DependencyObject.NotifyPropertyChange(DependencyPropertyChangedEventArgs args)
   at System.Windows.DependencyObject.UpdateEffectiveValue(EntryIndex entryIndex, DependencyProperty dp, PropertyMetadata metadata, EffectiveValueEntry oldEntry, EffectiveValueEntry& newEntry, Boolean coerceWithDeferredReference, Boolean coerceWithCurrentValue, OperationType operationType)
   at System.Windows.DependencyObject.SetValueCommon(DependencyProperty dp, Object value, PropertyMetadata metadata, Boolean coerceWithDeferredReference, Boolean coerceWithCurrentValue, OperationType operationType, Boolean isInternal)
   at System.Windows.Controls.ItemContainerGenerator.LinkContainerToItem(DependencyObject container, Object item)
   at System.Windows.Controls.ItemContainerGenerator.OnItemReplaced(Object oldItem, Object newItem, Int32 index, NotifyCollectionChangedEventArgs collectionChangedArgs)
   at System.Windows.Controls.ItemContainerGenerator.OnCollectionChanged(Object sender, NotifyCollectionChangedEventArgs args)
   at System.Windows.WeakEventManager.ListenerList`1.DeliverEvent(Object sender, EventArgs e, Type managerType)
   at System.Windows.WeakEventManager.DeliverEvent(Object sender, EventArgs args)
   at System.Collections.Specialized.CollectionChangedEventManager.OnCollectionChanged(Object sender, NotifyCollectionChangedEventArgs args)
   at System.Collections.Specialized.NotifyCollectionChangedEventHandler.Invoke(Object sender, NotifyCollectionChangedEventArgs e)
   at System.Windows.Data.CollectionView.OnCollectionChanged(NotifyCollectionChangedEventArgs args)
   at System.Windows.Controls.ItemCollection.OnViewCollectionChanged(Object sender, NotifyCollectionChangedEventArgs e)
   at System.Windows.WeakEventManager.ListenerList`1.DeliverEvent(Object sender, EventArgs e, Type managerType)
   at System.Windows.WeakEventManager.DeliverEvent(Object sender, EventArgs args)
   at System.Collections.Specialized.CollectionChangedEventManager.OnCollectionChanged(Object sender, NotifyCollectionChangedEventArgs args)
   at System.Windows.Data.CollectionView.OnCollectionChanged(NotifyCollectionChangedEventArgs args)
   at System.Windows.Data.ListCollectionView.ProcessCollectionChangedWithAdjustedIndex(NotifyCollectionChangedEventArgs args, Int32 adjustedOldIndex, Int32 adjustedNewIndex)
   at System.Windows.Data.ListCollectionView.ProcessCollectionChanged(NotifyCollectionChangedEventArgs args)
   at System.Windows.Data.CollectionView.OnCollectionChanged(Object sender, NotifyCollectionChangedEventArgs args)
   at System.Windows.Controls.MultipleCopiesCollection.OnCollectionChanged(NotifyCollectionChangedEventArgs e)
   at System.Windows.Controls.MultipleCopiesCollection.set_CopiedItem(Object value)
   at System.Windows.Controls.Primitives.DataGridCellsPresenter.OnItemChanged(Object oldItem, Object newItem)
   at System.Windows.Controls.DataGridRow.OnItemChanged(Object oldItem, Object newItem)
   at System.Windows.Controls.DataGridRow.NotifyPropertyChanged(DependencyObject d, String propertyName, DependencyPropertyChangedEventArgs e, DataGridNotificationTarget target)
   at System.Windows.Controls.DataGridRow.OnNotifyRowPropertyChanged(DependencyObject d, DependencyPropertyChangedEventArgs e)
   at System.Windows.DependencyObject.OnPropertyChanged(DependencyPropertyChangedEventArgs e)
   at System.Windows.FrameworkElement.OnPropertyChanged(DependencyPropertyChangedEventArgs e)
   at System.Windows.Controls.DataGridRow.OnPropertyChanged(DependencyPropertyChangedEventArgs e)
   at System.Windows.DependencyObject.NotifyPropertyChange(DependencyPropertyChangedEventArgs args)
   at System.Windows.DependencyObject.UpdateEffectiveValue(EntryIndex entryIndex, DependencyProperty dp, PropertyMetadata metadata, EffectiveValueEntry oldEntry, EffectiveValueEntry& newEntry, Boolean coerceWithDeferredReference, Boolean coerceWithCurrentValue, OperationType operationType)
   at System.Windows.DependencyObject.SetValueCommon(DependencyProperty dp, Object value, PropertyMetadata metadata, Boolean coerceWithDeferredReference, Boolean coerceWithCurrentValue, OperationType operationType, Boolean isInternal)
   at System.Windows.DependencyObject.SetValue(DependencyProperty dp, Object value)
   at System.Windows.Controls.DataGridRow.PrepareRow(Object item, DataGrid owningDataGrid)
   at System.Windows.Controls.DataGrid.PrepareContainerForItemOverride(DependencyObject element, Object item)
   at System.Windows.Controls.ItemsControl.MS.Internal.Controls.IGeneratorHost.PrepareItemContainer(DependencyObject container, Object item)
   at System.Windows.Controls.ItemContainerGenerator.System.Windows.Controls.Primitives.IItemContainerGenerator.PrepareItemContainer(DependencyObject container)
   at System.Windows.Controls.VirtualizingStackPanel.InsertContainer(Int32 childIndex, UIElement container, Boolean isRecycled)
   at System.Windows.Controls.VirtualizingStackPanel.AddContainerFromGenerator(Int32 childIndex, UIElement child, Boolean newlyRealized, Boolean isBeforeViewport)
   at System.Windows.Controls.VirtualizingStackPanel.MeasureChild(IItemContainerGenerator& generator, IContainItemStorage& itemStorageProvider, IContainItemStorage& parentItemStorageProvider, Object& parentItem, Boolean& hasUniformOrAverageContainerSizeBeenSet, Double& computedUniformOrAverageContainerSize, Double& computedUniformOrAverageContainerPixelSize, Boolean& computedAreContainersUniformlySized, Boolean& hasAnyContainerSpanChanged, IList& items, Object& item, IList& children, Int32& childIndex, Boolean& visualOrderChanged, Boolean& isHorizontal, Size& childConstraint, Rect& viewport, VirtualizationCacheLength& cacheSize, VirtualizationCacheLengthUnit& cacheUnit, Int64& scrollGeneration, Boolean& foundFirstItemInViewport, Double& firstItemInViewportOffset, Size& stackPixelSize, Size& stackPixelSizeInViewport, Size& stackPixelSizeInCacheBeforeViewport, Size& stackPixelSizeInCacheAfterViewport, Size& stackLogicalSize, Size& stackLogicalSizeInViewport, Size& stackLogicalSizeInCacheBeforeViewport, Size& stackLogicalSizeInCacheAfterViewport, Boolean& mustDisableVirtualization, Boolean isBeforeFirstItem, Boolean isAfterFirstItem, Boolean isAfterLastItem, Boolean skipActualMeasure, Boolean skipGeneration, Boolean isAncestorLookingForFirstItem, Boolean& hasBringIntoViewContainerBeenMeasured, Boolean& hasVirtualizingChildren)
   at System.Windows.Controls.VirtualizingStackPanel.MeasureOverrideImpl(Size constraint, Nullable`1& lastPageSafeOffset, List`1& previouslyMeasuredOffsets, Nullable`1& lastPagePixelSize, Boolean remeasure)
   at System.Windows.Controls.VirtualizingStackPanel.MeasureOverride(Size constraint)
   at System.Windows.Controls.Primitives.DataGridRowsPresenter.MeasureOverride(Size constraint)
   at System.Windows.FrameworkElement.MeasureCore(Size availableSize)
   at System.Windows.UIElement.Measure(Size availableSize)
   at System.Windows.ContextLayoutManager.UpdateLayout()
   at System.Windows.ContextLayoutManager.UpdateLayoutCallback(Object arg)
   at System.Windows.Media.MediaContext.InvokeOnRenderCallback.DoWork()
   at System.Windows.Media.MediaContext.FireInvokeOnRenderCallbacks()
   at System.Windows.Media.MediaContext.RenderMessageHandlerCore(Object resizedCompositionTarget)
   at System.Windows.Media.MediaContext.RenderMessageHandler(Object resizedCompositionTarget)
   at System.Windows.Threading.ExceptionWrapper.InternalRealCall(Delegate callback, Object args, Int32 numArgs)
   at System.Windows.Threading.ExceptionWrapper.TryCatchWhen(Object source, Delegate callback, Object args, Int32 numArgs, Delegate catchHandler)

[2026-08-13T14:40:40] (Dispatcher)
System.InvalidOperationException: A TwoWay or OneWayToSource binding cannot work on the read-only property 'OriginalDisplay' of type 'Lycoris.TransRow'.
   at MS.Internal.Data.PropertyPathWorker.CheckReadOnly(Object item, Object info)
   at MS.Internal.Data.PropertyPathWorker.ReplaceItem(Int32 k, Object newO, Object parent)
   at MS.Internal.Data.PropertyPathWorker.UpdateSourceValueState(Int32 k, ICollectionView collectionView, Object newValue, Boolean isASubPropertyChange)
   at MS.Internal.Data.ClrBindingWorker.AttachDataItem()
   at System.Windows.Data.BindingExpression.Activate(Object item)
   at System.Windows.Data.BindingExpression.OnDataContextChanged(DependencyObject contextElement)
   at System.Windows.Data.BindingExpression.HandlePropertyInvalidation(DependencyObject d, DependencyPropertyChangedEventArgs args)
   at System.Windows.Data.BindingExpressionBase.OnPropertyInvalidation(DependencyObject d, DependencyPropertyChangedEventArgs args)
   at System.Windows.Data.BindingExpression.OnPropertyInvalidation(DependencyObject d, DependencyPropertyChangedEventArgs args)
   at System.Windows.DependentList.InvalidateDependents(DependencyObject source, DependencyPropertyChangedEventArgs sourceArgs)
   at System.Windows.DependencyObject.NotifyPropertyChange(DependencyPropertyChangedEventArgs args)
   at System.Windows.DependencyObject.UpdateEffectiveValue(EntryIndex entryIndex, DependencyProperty dp, PropertyMetadata metadata, EffectiveValueEntry oldEntry, EffectiveValueEntry& newEntry, Boolean coerceWithDeferredReference, Boolean coerceWithCurrentValue, OperationType operationType)
   at System.Windows.TreeWalkHelper.OnInheritablePropertyChanged(DependencyObject d, InheritablePropertyChangeInfo info, Boolean visitedViaVisualTree)
   at System.Windows.DescendentsWalker`1._VisitNode(DependencyObject d, Boolean visitedViaVisualTree)
   at System.Windows.DescendentsWalker`1.VisitNode(FrameworkElement fe, Boolean visitedViaVisualTree)
   at System.Windows.DescendentsWalker`1.VisitNode(DependencyObject d, Boolean visitedViaVisualTree)
   at System.Windows.DescendentsWalker`1.WalkLogicalChildren(FrameworkElement feParent, FrameworkContentElement fceParent, IEnumerator logicalChildren)
   at System.Windows.DescendentsWalker`1.WalkFrameworkElementLogicalThenVisualChildren(FrameworkElement feParent, Boolean hasLogicalChildren)
   at System.Windows.DescendentsWalker`1.IterateChildren(DependencyObject d)
   at System.Windows.DescendentsWalker`1.StartWalk(DependencyObject startNode, Boolean skipStartNode)
   at System.Windows.FrameworkElement.OnPropertyChanged(DependencyPropertyChangedEventArgs e)
   at System.Windows.DependencyObject.NotifyPropertyChange(DependencyPropertyChangedEventArgs args)
   at System.Windows.DependencyObject.UpdateEffectiveValue(EntryIndex entryIndex, DependencyProperty dp, PropertyMetadata metadata, EffectiveValueEntry oldEntry, EffectiveValueEntry& newEntry, Boolean coerceWithDeferredReference, Boolean coerceWithCurrentValue, OperationType operationType)
   at System.Windows.DependencyObject.SetValueCommon(DependencyProperty dp, Object value, PropertyMetadata metadata, Boolean coerceWithDeferredReference, Boolean coerceWithCurrentValue, OperationType operationType, Boolean isInternal)
   at System.Windows.Controls.ItemContainerGenerator.LinkContainerToItem(DependencyObject container, Object item)
   at System.Windows.Controls.ItemContainerGenerator.OnItemReplaced(Object oldItem, Object newItem, Int32 index, NotifyCollectionChangedEventArgs collectionChangedArgs)
   at System.Windows.Controls.ItemContainerGenerator.OnCollectionChanged(Object sender, NotifyCollectionChangedEventArgs args)
   at System.Windows.WeakEventManager.ListenerList`1.DeliverEvent(Object sender, EventArgs e, Type managerType)
   at System.Windows.WeakEventManager.DeliverEvent(Object sender, EventArgs args)
   at System.Collections.Specialized.CollectionChangedEventManager.OnCollectionChanged(Object sender, NotifyCollectionChangedEventArgs args)
   at System.Collections.Specialized.NotifyCollectionChangedEventHandler.Invoke(Object sender, NotifyCollectionChangedEventArgs e)
   at System.Windows.Data.CollectionView.OnCollectionChanged(NotifyCollectionChangedEventArgs args)
   at System.Windows.Controls.ItemCollection.OnViewCollectionChanged(Object sender, NotifyCollectionChangedEventArgs e)
   at System.Windows.WeakEventManager.ListenerList`1.DeliverEvent(Object sender, EventArgs e, Type managerType)
   at System.Windows.WeakEventManager.DeliverEvent(Object sender, EventArgs args)
   at System.Collections.Specialized.CollectionChangedEventManager.OnCollectionChanged(Object sender, NotifyCollectionChangedEventArgs args)
   at System.Windows.Data.CollectionView.OnCollectionChanged(NotifyCollectionChangedEventArgs args)
   at System.Windows.Data.ListCollectionView.ProcessCollectionChangedWithAdjustedIndex(NotifyCollectionChangedEventArgs args, Int32 adjustedOldIndex, Int32 adjustedNewIndex)
   at System.Windows.Data.ListCollectionView.ProcessCollectionChanged(NotifyCollectionChangedEventArgs args)
   at System.Windows.Data.CollectionView.OnCollectionChanged(Object sender, NotifyCollectionChangedEventArgs args)
   at System.Windows.Controls.MultipleCopiesCollection.OnCollectionChanged(NotifyCollectionChangedEventArgs e)
   at System.Windows.Controls.MultipleCopiesCollection.set_CopiedItem(Object value)
   at System.Windows.Controls.Primitives.DataGridCellsPresenter.OnItemChanged(Object oldItem, Object newItem)
   at System.Windows.Controls.DataGridRow.OnItemChanged(Object oldItem, Object newItem)
   at System.Windows.Controls.DataGridRow.NotifyPropertyChanged(DependencyObject d, String propertyName, DependencyPropertyChangedEventArgs e, DataGridNotificationTarget target)
   at System.Windows.Controls.DataGridRow.OnNotifyRowPropertyChanged(DependencyObject d, DependencyPropertyChangedEventArgs e)
   at System.Windows.DependencyObject.OnPropertyChanged(DependencyPropertyChangedEventArgs e)
   at System.Windows.FrameworkElement.OnPropertyChanged(DependencyPropertyChangedEventArgs e)
   at System.Windows.Controls.DataGridRow.OnPropertyChanged(DependencyPropertyChangedEventArgs e)
   at System.Windows.DependencyObject.NotifyPropertyChange(DependencyPropertyChangedEventArgs args)
   at System.Windows.DependencyObject.UpdateEffectiveValue(EntryIndex entryIndex, DependencyProperty dp, PropertyMetadata metadata, EffectiveValueEntry oldEntry, EffectiveValueEntry& newEntry, Boolean coerceWithDeferredReference, Boolean coerceWithCurrentValue, OperationType operationType)
   at System.Windows.DependencyObject.SetValueCommon(DependencyProperty dp, Object value, PropertyMetadata metadata, Boolean coerceWithDeferredReference, Boolean coerceWithCurrentValue, OperationType operationType, Boolean isInternal)
   at System.Windows.DependencyObject.SetValue(DependencyProperty dp, Object value)
   at System.Windows.Controls.DataGridRow.PrepareRow(Object item, DataGrid owningDataGrid)
   at System.Windows.Controls.DataGrid.PrepareContainerForItemOverride(DependencyObject element, Object item)
   at System.Windows.Controls.ItemsControl.MS.Internal.Controls.IGeneratorHost.PrepareItemContainer(DependencyObject container, Object item)
   at System.Windows.Controls.ItemContainerGenerator.System.Windows.Controls.Primitives.IItemContainerGenerator.PrepareItemContainer(DependencyObject container)
   at System.Windows.Controls.VirtualizingStackPanel.InsertContainer(Int32 childIndex, UIElement container, Boolean isRecycled)
   at System.Windows.Controls.VirtualizingStackPanel.AddContainerFromGenerator(Int32 childIndex, UIElement child, Boolean newlyRealized, Boolean isBeforeViewport)
   at System.Windows.Controls.VirtualizingStackPanel.MeasureChild(IItemContainerGenerator& generator, IContainItemStorage& itemStorageProvider, IContainItemStorage& parentItemStorageProvider, Object& parentItem, Boolean& hasUniformOrAverageContainerSizeBeenSet, Double& computedUniformOrAverageContainerSize, Double& computedUniformOrAverageContainerPixelSize, Boolean& computedAreContainersUniformlySized, Boolean& hasAnyContainerSpanChanged, IList& items, Object& item, IList& children, Int32& childIndex, Boolean& visualOrderChanged, Boolean& isHorizontal, Size& childConstraint, Rect& viewport, VirtualizationCacheLength& cacheSize, VirtualizationCacheLengthUnit& cacheUnit, Int64& scrollGeneration, Boolean& foundFirstItemInViewport, Double& firstItemInViewportOffset, Size& stackPixelSize, Size& stackPixelSizeInViewport, Size& stackPixelSizeInCacheBeforeViewport, Size& stackPixelSizeInCacheAfterViewport, Size& stackLogicalSize, Size& stackLogicalSizeInViewport, Size& stackLogicalSizeInCacheBeforeViewport, Size& stackLogicalSizeInCacheAfterViewport, Boolean& mustDisableVirtualization, Boolean isBeforeFirstItem, Boolean isAfterFirstItem, Boolean isAfterLastItem, Boolean skipActualMeasure, Boolean skipGeneration, Boolean isAncestorLookingForFirstItem, Boolean& hasBringIntoViewContainerBeenMeasured, Boolean& hasVirtualizingChildren)
   at System.Windows.Controls.VirtualizingStackPanel.MeasureOverrideImpl(Size constraint, Nullable`1& lastPageSafeOffset, List`1& previouslyMeasuredOffsets, Nullable`1& lastPagePixelSize, Boolean remeasure)
   at System.Windows.Controls.VirtualizingStackPanel.MeasureOverride(Size constraint)
   at System.Windows.Controls.Primitives.DataGridRowsPresenter.MeasureOverride(Size constraint)
   at System.Windows.FrameworkElement.MeasureCore(Size availableSize)
   at System.Windows.UIElement.Measure(Size availableSize)
   at MS.Internal.Helper.MeasureElementWithSingleChild(UIElement element, Size constraint)
   at System.Windows.Controls.ItemsPresenter.MeasureOverride(Size constraint)
   at System.Windows.FrameworkElement.MeasureCore(Size availableSize)
   at System.Windows.UIElement.Measure(Size availableSize)
   at MS.Internal.Helper.MeasureElementWithSingleChild(UIElement element, Size constraint)
   at System.Windows.Controls.ScrollContentPresenter.MeasureOverride(Size constraint)
   at System.Windows.FrameworkElement.MeasureCore(Size availableSize)
   at System.Windows.UIElement.Measure(Size availableSize)
   at System.Windows.Controls.Grid.MeasureCell(Int32 cell, Boolean forceInfinityV)
   at System.Windows.Controls.Grid.MeasureCellsGroup(Int32 cellsHead, Size referenceSize, Boolean ignoreDesiredSizeU, Boolean forceInfinityV, Boolean& hasDesiredSizeUChanged)
   at System.Windows.Controls.Grid.MeasureCellsGroup(Int32 cellsHead, Size referenceSize, Boolean ignoreDesiredSizeU, Boolean forceInfinityV)
   at System.Windows.Controls.Grid.MeasureOverride(Size constraint)
   at System.Windows.FrameworkElement.MeasureCore(Size availableSize)
   at System.Windows.UIElement.Measure(Size availableSize)
   at System.Windows.Controls.ScrollViewer.MeasureOverride(Size constraint)
   at System.Windows.FrameworkElement.MeasureCore(Size availableSize)
   at System.Windows.UIElement.Measure(Size availableSize)
   at System.Windows.Controls.Border.MeasureOverride(Size constraint)
   at System.Windows.FrameworkElement.MeasureCore(Size availableSize)
   at System.Windows.UIElement.Measure(Size availableSize)
   at System.Windows.Controls.Control.MeasureOverride(Size constraint)
   at System.Windows.Controls.DataGrid.MeasureOverride(Size availableSize)
   at System.Windows.FrameworkElement.MeasureCore(Size availableSize)
   at System.Windows.UIElement.Measure(Size availableSize)
   at System.Windows.Controls.DockPanel.MeasureOverride(Size constraint)
   at System.Windows.FrameworkElement.MeasureCore(Size availableSize)
   at System.Windows.UIElement.Measure(Size availableSize)
   at MS.Internal.Helper.MeasureElementWithSingleChild(UIElement element, Size constraint)
   at System.Windows.Controls.ContentPresenter.MeasureOverride(Size constraint)
   at System.Windows.FrameworkElement.MeasureCore(Size availableSize)
   at System.Windows.UIElement.Measure(Size availableSize)
   at System.Windows.Documents.AdornerDecorator.MeasureOverride(Size constraint)
   at System.Windows.FrameworkElement.MeasureCore(Size availableSize)
   at System.Windows.UIElement.Measure(Size availableSize)
   at System.Windows.Controls.Border.MeasureOverride(Size constraint)
   at System.Windows.FrameworkElement.MeasureCore(Size availableSize)
   at System.Windows.UIElement.Measure(Size availableSize)
   at System.Windows.Window.MeasureOverrideHelper(Size constraint)
   at System.Windows.Window.MeasureOverride(Size availableSize)
   at System.Windows.FrameworkElement.MeasureCore(Size availableSize)
   at System.Windows.UIElement.Measure(Size availableSize)
   at System.Windows.ContextLayoutManager.UpdateLayout()
   at System.Windows.ContextLayoutManager.UpdateLayoutCallback(Object arg)
   at System.Windows.Media.MediaContext.InvokeOnRenderCallback.DoWork()
   at System.Windows.Media.MediaContext.FireInvokeOnRenderCallbacks()
   at System.Windows.Media.MediaContext.RenderMessageHandlerCore(Object resizedCompositionTarget)
   at System.Windows.Media.MediaContext.RenderMessageHandler(Object resizedCompositionTarget)
   at System.Windows.Threading.ExceptionWrapper.InternalRealCall(Delegate callback, Object args, Int32 numArgs)
   at System.Windows.Threading.ExceptionWrapper.TryCatchWhen(Object source, Delegate callback, Object args, Int32 numArgs, Delegate catchHandler)

[2026-08-13T14:40:40] (Dispatcher)
System.InvalidOperationException: A TwoWay or OneWayToSource binding cannot work on the read-only property 'OriginalDisplay' of type 'Lycoris.TransRow'.
   at MS.Internal.Data.PropertyPathWorker.CheckReadOnly(Object item, Object info)
   at MS.Internal.Data.PropertyPathWorker.ReplaceItem(Int32 k, Object newO, Object parent)
   at MS.Internal.Data.PropertyPathWorker.UpdateSourceValueState(Int32 k, ICollectionView collectionView, Object newValue, Boolean isASubPropertyChange)
   at MS.Internal.Data.ClrBindingWorker.AttachDataItem()
   at System.Windows.Data.BindingExpression.Activate(Object item)
   at System.Windows.Data.BindingExpression.OnDataContextChanged(DependencyObject contextElement)
   at System.Windows.Data.BindingExpression.HandlePropertyInvalidation(DependencyObject d, DependencyPropertyChangedEventArgs args)
   at System.Windows.Data.BindingExpressionBase.OnPropertyInvalidation(DependencyObject d, DependencyPropertyChangedEventArgs args)
   at System.Windows.Data.BindingExpression.OnPropertyInvalidation(DependencyObject d, DependencyPropertyChangedEventArgs args)
   at System.Windows.DependentList.InvalidateDependents(DependencyObject source, DependencyPropertyChangedEventArgs sourceArgs)
   at System.Windows.DependencyObject.NotifyPropertyChange(DependencyPropertyChangedEventArgs args)
   at System.Windows.DependencyObject.UpdateEffectiveValue(EntryIndex entryIndex, DependencyProperty dp, PropertyMetadata metadata, EffectiveValueEntry oldEntry, EffectiveValueEntry& newEntry, Boolean coerceWithDeferredReference, Boolean coerceWithCurrentValue, OperationType operationType)
   at System.Windows.TreeWalkHelper.OnInheritablePropertyChanged(DependencyObject d, InheritablePropertyChangeInfo info, Boolean visitedViaVisualTree)
   at System.Windows.DescendentsWalker`1._VisitNode(DependencyObject d, Boolean visitedViaVisualTree)
   at System.Windows.DescendentsWalker`1.VisitNode(FrameworkElement fe, Boolean visitedViaVisualTree)
   at System.Windows.DescendentsWalker`1.VisitNode(DependencyObject d, Boolean visitedViaVisualTree)
   at System.Windows.DescendentsWalker`1.WalkLogicalChildren(FrameworkElement feParent, FrameworkContentElement fceParent, IEnumerator logicalChildren)
   at System.Windows.DescendentsWalker`1.WalkFrameworkElementLogicalThenVisualChildren(FrameworkElement feParent, Boolean hasLogicalChildren)
   at System.Windows.DescendentsWalker`1.IterateChildren(DependencyObject d)
   at System.Windows.DescendentsWalker`1.StartWalk(DependencyObject startNode, Boolean skipStartNode)
   at System.Windows.FrameworkElement.OnPropertyChanged(DependencyPropertyChangedEventArgs e)
   at System.Windows.DependencyObject.NotifyPropertyChange(DependencyPropertyChangedEventArgs args)
   at System.Windows.DependencyObject.UpdateEffectiveValue(EntryIndex entryIndex, DependencyProperty dp, PropertyMetadata metadata, EffectiveValueEntry oldEntry, EffectiveValueEntry& newEntry, Boolean coerceWithDeferredReference, Boolean coerceWithCurrentValue, OperationType operationType)
   at System.Windows.DependencyObject.SetValueCommon(DependencyProperty dp, Object value, PropertyMetadata metadata, Boolean coerceWithDeferredReference, Boolean coerceWithCurrentValue, OperationType operationType, Boolean isInternal)
   at System.Windows.Controls.ItemContainerGenerator.LinkContainerToItem(DependencyObject container, Object item)
   at System.Windows.Controls.ItemContainerGenerator.OnItemReplaced(Object oldItem, Object newItem, Int32 index, NotifyCollectionChangedEventArgs collectionChangedArgs)
   at System.Windows.Controls.ItemContainerGenerator.OnCollectionChanged(Object sender, NotifyCollectionChangedEventArgs args)
   at System.Windows.WeakEventManager.ListenerList`1.DeliverEvent(Object sender, EventArgs e, Type managerType)
   at System.Windows.WeakEventManager.DeliverEvent(Object sender, EventArgs args)
   at System.Collections.Specialized.CollectionChangedEventManager.OnCollectionChanged(Object sender, NotifyCollectionChangedEventArgs args)
   at System.Collections.Specialized.NotifyCollectionChangedEventHandler.Invoke(Object sender, NotifyCollectionChangedEventArgs e)
   at System.Windows.Data.CollectionView.OnCollectionChanged(NotifyCollectionChangedEventArgs args)
   at System.Windows.Controls.ItemCollection.OnViewCollectionChanged(Object sender, NotifyCollectionChangedEventArgs e)
   at System.Windows.WeakEventManager.ListenerList`1.DeliverEvent(Object sender, EventArgs e, Type managerType)
   at System.Windows.WeakEventManager.DeliverEvent(Object sender, EventArgs args)
   at System.Collections.Specialized.CollectionChangedEventManager.OnCollectionChanged(Object sender, NotifyCollectionChangedEventArgs args)
   at System.Windows.Data.CollectionView.OnCollectionChanged(NotifyCollectionChangedEventArgs args)
   at System.Windows.Data.ListCollectionView.ProcessCollectionChangedWithAdjustedIndex(NotifyCollectionChangedEventArgs args, Int32 adjustedOldIndex, Int32 adjustedNewIndex)
   at System.Windows.Data.ListCollectionView.ProcessCollectionChanged(NotifyCollectionChangedEventArgs args)
   at System.Windows.Data.CollectionView.OnCollectionChanged(Object sender, NotifyCollectionChangedEventArgs args)
   at System.Windows.Controls.MultipleCopiesCollection.OnCollectionChanged(NotifyCollectionChangedEventArgs e)
   at System.Windows.Controls.MultipleCopiesCollection.set_CopiedItem(Object value)
   at System.Windows.Controls.Primitives.DataGridCellsPresenter.OnItemChanged(Object oldItem, Object newItem)
   at System.Windows.Controls.DataGridRow.OnItemChanged(Object oldItem, Object newItem)
   at System.Windows.Controls.DataGridRow.NotifyPropertyChanged(DependencyObject d, String propertyName, DependencyPropertyChangedEventArgs e, DataGridNotificationTarget target)
   at System.Windows.Controls.DataGridRow.OnNotifyRowPropertyChanged(DependencyObject d, DependencyPropertyChangedEventArgs e)
   at System.Windows.DependencyObject.OnPropertyChanged(DependencyPropertyChangedEventArgs e)
   at System.Windows.FrameworkElement.OnPropertyChanged(DependencyPropertyChangedEventArgs e)
   at System.Windows.Controls.DataGridRow.OnPropertyChanged(DependencyPropertyChangedEventArgs e)
   at System.Windows.DependencyObject.NotifyPropertyChange(DependencyPropertyChangedEventArgs args)
   at System.Windows.DependencyObject.UpdateEffectiveValue(EntryIndex entryIndex, DependencyProperty dp, PropertyMetadata metadata, EffectiveValueEntry oldEntry, EffectiveValueEntry& newEntry, Boolean coerceWithDeferredReference, Boolean coerceWithCurrentValue, OperationType operationType)
   at System.Windows.DependencyObject.SetValueCommon(DependencyProperty dp, Object value, PropertyMetadata metadata, Boolean coerceWithDeferredReference, Boolean coerceWithCurrentValue, OperationType operationType, Boolean isInternal)
   at System.Windows.DependencyObject.SetValue(DependencyProperty dp, Object value)
   at System.Windows.Controls.DataGridRow.PrepareRow(Object item, DataGrid owningDataGrid)
   at System.Windows.Controls.DataGrid.PrepareContainerForItemOverride(DependencyObject element, Object item)
   at System.Windows.Controls.ItemsControl.MS.Internal.Controls.IGeneratorHost.PrepareItemContainer(DependencyObject container, Object item)
   at System.Windows.Controls.ItemContainerGenerator.System.Windows.Controls.Primitives.IItemContainerGenerator.PrepareItemContainer(DependencyObject container)
   at System.Windows.Controls.VirtualizingStackPanel.InsertContainer(Int32 childIndex, UIElement container, Boolean isRecycled)
   at System.Windows.Controls.VirtualizingStackPanel.AddContainerFromGenerator(Int32 childIndex, UIElement child, Boolean newlyRealized, Boolean isBeforeViewport)
   at System.Windows.Controls.VirtualizingStackPanel.MeasureChild(IItemContainerGenerator& generator, IContainItemStorage& itemStorageProvider, IContainItemStorage& parentItemStorageProvider, Object& parentItem, Boolean& hasUniformOrAverageContainerSizeBeenSet, Double& computedUniformOrAverageContainerSize, Double& computedUniformOrAverageContainerPixelSize, Boolean& computedAreContainersUniformlySized, Boolean& hasAnyContainerSpanChanged, IList& items, Object& item, IList& children, Int32& childIndex, Boolean& visualOrderChanged, Boolean& isHorizontal, Size& childConstraint, Rect& viewport, VirtualizationCacheLength& cacheSize, VirtualizationCacheLengthUnit& cacheUnit, Int64& scrollGeneration, Boolean& foundFirstItemInViewport, Double& firstItemInViewportOffset, Size& stackPixelSize, Size& stackPixelSizeInViewport, Size& stackPixelSizeInCacheBeforeViewport, Size& stackPixelSizeInCacheAfterViewport, Size& stackLogicalSize, Size& stackLogicalSizeInViewport, Size& stackLogicalSizeInCacheBeforeViewport, Size& stackLogicalSizeInCacheAfterViewport, Boolean& mustDisableVirtualization, Boolean isBeforeFirstItem, Boolean isAfterFirstItem, Boolean isAfterLastItem, Boolean skipActualMeasure, Boolean skipGeneration, Boolean isAncestorLookingForFirstItem, Boolean& hasBringIntoViewContainerBeenMeasured, Boolean& hasVirtualizingChildren)
   at System.Windows.Controls.VirtualizingStackPanel.MeasureOverrideImpl(Size constraint, Nullable`1& lastPageSafeOffset, List`1& previouslyMeasuredOffsets, Nullable`1& lastPagePixelSize, Boolean remeasure)
   at System.Windows.Controls.VirtualizingStackPanel.MeasureOverride(Size constraint)
   at System.Windows.Controls.Primitives.DataGridRowsPresenter.MeasureOverride(Size constraint)
   at System.Windows.FrameworkElement.MeasureCore(Size availableSize)
   at System.Windows.UIElement.Measure(Size availableSize)
   at MS.Internal.Helper.MeasureElementWithSingleChild(UIElement element, Size constraint)
   at System.Windows.Controls.ItemsPresenter.MeasureOverride(Size constraint)
   at System.Windows.FrameworkElement.MeasureCore(Size availableSize)
   at System.Windows.UIElement.Measure(Size availableSize)
   at MS.Internal.Helper.MeasureElementWithSingleChild(UIElement element, Size constraint)
   at System.Windows.Controls.ScrollContentPresenter.MeasureOverride(Size constraint)
   at System.Windows.FrameworkElement.MeasureCore(Size availableSize)
   at System.Windows.UIElement.Measure(Size availableSize)
   at System.Windows.Controls.Grid.MeasureCell(Int32 cell, Boolean forceInfinityV)
   at System.Windows.Controls.Grid.MeasureCellsGroup(Int32 cellsHead, Size referenceSize, Boolean ignoreDesiredSizeU, Boolean forceInfinityV, Boolean& hasDesiredSizeUChanged)
   at System.Windows.Controls.Grid.MeasureCellsGroup(Int32 cellsHead, Size referenceSize, Boolean ignoreDesiredSizeU, Boolean forceInfinityV)
   at System.Windows.Controls.Grid.MeasureOverride(Size constraint)
   at System.Windows.FrameworkElement.MeasureCore(Size availableSize)
   at System.Windows.UIElement.Measure(Size availableSize)
   at System.Windows.Controls.ScrollViewer.MeasureOverride(Size constraint)
   at System.Windows.FrameworkElement.MeasureCore(Size availableSize)
   at System.Windows.UIElement.Measure(Size availableSize)
   at System.Windows.Controls.Border.MeasureOverride(Size constraint)
   at System.Windows.FrameworkElement.MeasureCore(Size availableSize)
   at System.Windows.UIElement.Measure(Size availableSize)
   at System.Windows.Controls.Control.MeasureOverride(Size constraint)
   at System.Windows.Controls.DataGrid.MeasureOverride(Size availableSize)
   at System.Windows.FrameworkElement.MeasureCore(Size availableSize)
   at System.Windows.UIElement.Measure(Size availableSize)
   at System.Windows.Controls.DockPanel.MeasureOverride(Size constraint)
   at System.Windows.FrameworkElement.MeasureCore(Size availableSize)
   at System.Windows.UIElement.Measure(Size availableSize)
   at MS.Internal.Helper.MeasureElementWithSingleChild(UIElement element, Size constraint)
   at System.Windows.Controls.ContentPresenter.MeasureOverride(Size constraint)
   at System.Windows.FrameworkElement.MeasureCore(Size availableSize)
   at System.Windows.UIElement.Measure(Size availableSize)
   at System.Windows.Documents.AdornerDecorator.MeasureOverride(Size constraint)
   at System.Windows.FrameworkElement.MeasureCore(Size availableSize)
   at System.Windows.UIElement.Measure(Size availableSize)
   at System.Windows.Controls.Border.MeasureOverride(Size constraint)
   at System.Windows.FrameworkElement.MeasureCore(Size availableSize)
   at System.Windows.UIElement.Measure(Size availableSize)
   at System.Windows.Window.MeasureOverrideHelper(Size constraint)
   at System.Windows.Window.MeasureOverride(Size availableSize)
   at System.Windows.FrameworkElement.MeasureCore(Size availableSize)
   at System.Windows.UIElement.Measure(Size availableSize)
   at System.Windows.ContextLayoutManager.UpdateLayout()
   at System.Windows.ContextLayoutManager.UpdateLayoutCallback(Object arg)
   at System.Windows.Media.MediaContext.InvokeOnRenderCallback.DoWork()
   at System.Windows.Media.MediaContext.FireInvokeOnRenderCallbacks()
   at System.Windows.Media.MediaContext.RenderMessageHandlerCore(Object resizedCompositionTarget)
   at System.Windows.Media.MediaContext.RenderMessageHandler(Object resizedCompositionTarget)
   at System.Windows.Media.MediaContext.Resize(ICompositionTarget resizedCompositionTarget)
   at System.Windows.Interop.HwndTarget.OnResize()
   at System.Windows.Interop.HwndTarget.HandleMessage(WindowMessage msg, IntPtr wparam, IntPtr lparam)
   at System.Windows.Interop.HwndSource.HwndTargetFilterMessage(IntPtr hwnd, Int32 msg, IntPtr wParam, IntPtr lParam, Boolean& handled)
   at MS.Win32.HwndWrapper.WndProc(IntPtr hwnd, Int32 msg, IntPtr wParam, IntPtr lParam, Boolean& handled)
   at MS.Win32.HwndSubclass.DispatcherCallbackOperation(Object o)
   at System.Windows.Threading.ExceptionWrapper.InternalRealCall(Delegate callback, Object args, Int32 numArgs)
   at System.Windows.Threading.ExceptionWrapper.TryCatchWhen(Object source, Delegate callback, Object args, Int32 numArgs, Delegate catchHandler)

[2026-08-13T14:40:40] (Dispatcher)
System.InvalidOperationException: A TwoWay or OneWayToSource binding cannot work on the read-only property 'OriginalDisplay' of type 'Lycoris.TransRow'.
   at MS.Internal.Data.PropertyPathWorker.CheckReadOnly(Object item, Object info)
   at MS.Internal.Data.PropertyPathWorker.ReplaceItem(Int32 k, Object newO, Object parent)
   at MS.Internal.Data.PropertyPathWorker.UpdateSourceValueState(Int32 k, ICollectionView collectionView, Object newValue, Boolean isASubPropertyChange)
   at MS.Internal.Data.ClrBindingWorker.AttachDataItem()
   at System.Windows.Data.BindingExpression.Activate(Object item)
   at System.Windows.Data.BindingExpression.AttachToContext(AttachAttempt attempt)
   at System.Windows.Data.BindingExpression.MS.Internal.Data.IDataBindEngineClient.AttachToContext(Boolean lastChance)
   at MS.Internal.Data.DataBindEngine.Task.Run(Boolean lastChance)
   at MS.Internal.Data.DataBindEngine.Run(Object arg)
   at MS.Internal.Data.DataBindEngine.OnLayoutUpdated(Object sender, EventArgs e)
   at System.Windows.ContextLayoutManager.fireLayoutUpdateEvent()
   at System.Windows.ContextLayoutManager.UpdateLayout()
   at System.Windows.UIElement.UpdateLayout()
   at System.Windows.Controls.VirtualizingStackPanel.<>c__DisplayClass98_0.<InitializeViewport>b__0()
   at System.Windows.Threading.ExceptionWrapper.InternalRealCall(Delegate callback, Object args, Int32 numArgs)
   at System.Windows.Threading.ExceptionWrapper.TryCatchWhen(Object source, Delegate callback, Object args, Int32 numArgs, Delegate catchHandler)

